{
"__comment": "Designed by king_marnik with BDcraft Cubik PRO 0.93 Beta - http://bdcraft.net",
"textures": {
    "molotov": "items/molotov"
},
"elements": [ 
{
    "from": [ 6.5, 8.5, 6.5 ],
    "to": [ 9.5, 10, 9.5 ],
    "faces": {
        "down":  { "uv": [ 9.5, 9.5, 6.5, 6.5 ], "texture": "#molotov" },
        "up":    { "uv": [ 6.5, 6.5, 9.5, 9.5 ], "texture": "#molotov" },
        "north": { "uv": [ 6.5, 6, 9.5, 7.5 ], "texture": "#molotov" },
        "south": { "uv": [ 6.5, 6, 9.5, 7.5 ], "texture": "#molotov" },
        "west":  { "uv": [ 6.5, 6, 9.5, 7.5 ], "texture": "#molotov" },
        "east":  { "uv": [ 6.5, 6, 9.5, 7.5 ], "texture": "#molotov" }
    }
},
{
    "from": [ 7.5625, 9.5625, 7 ],
    "to": [ 8.5625, 11.0625, 9 ],
    "rotation": { "origin": [ 7.5625, 11.0625, 7 ], "axis": "z", "angle": -45 },
    "faces": {
        "down":  { "uv": [ 1.5, 5.5, 3.5, 6.5 ], "texture": "#molotov" },
        "up":    { "uv": [ 1.5, 5.5, 3.5, 6.5 ], "texture": "#molotov" },
        "north": { "uv": [ 1.5, 5.5, 3.5, 7 ], "texture": "#molotov" },
        "south": { "uv": [ 1.5, 5.5, 3.5, 7 ], "texture": "#molotov" },
        "west":  { "uv": [ 1.5, 6, 2.5, 7.5 ], "texture": "#molotov" },
        "east":  { "uv": [ 1.5, 6, 2.5, 7.5 ], "texture": "#molotov" }
    }
},
{
    "from": [ 6.9375, 10, 6.9375 ],
    "to": [ 9.0625, 13.5, 9.125 ],
    "faces": {
        "down":  { "uv": [ 9, 9, 7, 7 ], "texture": "#molotov" },
        "up":    { "uv": [ 7, 7, 9, 9 ], "texture": "#molotov" },
        "north": { "uv": [ 6.5, 6, 8.5, 9.5 ], "texture": "#molotov" },
        "south": { "uv": [ 10, 6, 12, 9.5 ], "texture": "#molotov" },
        "west":  { "uv": [ 8, 6, 10, 9.5 ], "texture": "#molotov" },
        "east":  { "uv": [ 12, 6, 14, 9.5 ], "texture": "#molotov" }
    }
},
{
    "from": [ 6.8125, 13.5, 6.8125 ],
    "to": [ 9.1875, 14.5, 9.1875 ],
    "faces": {
        "down":  { "uv": [ 13.5, 4.5, 15.875, 6.875 ], "texture": "#molotov" },
        "up":    { "uv": [ 13.5, 4.5, 15.875, 6.875 ], "texture": "#molotov" },
        "north": { "uv": [ 0, 5.5, 2.375, 6.5 ], "texture": "#molotov" },
        "south": { "uv": [ 6, 5.5, 8.375, 6.5 ], "texture": "#molotov" },
        "west":  { "uv": [ 2.5, 5.5, 4.875, 6.5 ], "texture": "#molotov" },
        "east":  { "uv": [ 8, 5.5, 10.375, 6.5 ], "texture": "#molotov" }
    }
},
{
    "from": [ 7.5, 14.5, 7.5 ],
    "to": [ 8.5, 15.5, 8.5 ],
    "faces": {
        "down":  { "uv": [ 0, 0, 2.5, 2.5 ], "texture": "#molotov" },
        "up":    { "uv": [ 0, 0, 2.5, 2.5 ], "texture": "#molotov" },
        "north": { "uv": [ 0, 0, 3, 3 ], "texture": "#molotov" },
        "south": { "uv": [ 0, 0, 3, 3 ], "texture": "#molotov" },
        "west":  { "uv": [ 0, 0, 3, 3 ], "texture": "#molotov" },
        "east":  { "uv": [ 0, 0, 3, 3 ], "texture": "#molotov" }
    }
},
{
    "from": [ 8, 15, 8 ],
    "to": [ 9, 16, 9.5 ],
    "faces": {
        "down":  { "uv": [ 0, 0, 2.5, 2.5 ], "texture": "#molotov" },
        "up":    { "uv": [ 0, 0, 2.5, 2.5 ], "texture": "#molotov" },
        "north": { "uv": [ 0, 0, 3, 3 ], "texture": "#molotov" },
        "south": { "uv": [ 0, 0, 3, 3 ], "texture": "#molotov" },
        "west":  { "uv": [ 0, 0, 3, 3 ], "texture": "#molotov" },
        "east":  { "uv": [ 0, 0, 3, 3 ], "texture": "#molotov" }
    }
},
{
    "from": [ 7.8125, 15, 9.5 ],
    "to": [ 9.25, 16, 11 ],
    "rotation": { "origin": [ 7.8125, 16, 9.5 ], "axis": "x", "angle": 22.5 },
    "faces": {
        "down":  { "uv": [ 0, 0, 2.5, 2.5 ], "texture": "#molotov" },
        "up":    { "uv": [ 0, 0, 2.5, 2.5 ], "texture": "#molotov" },
        "north": { "uv": [ 0, 0, 3, 3 ], "texture": "#molotov" },
        "south": { "uv": [ 0, 0, 3, 3 ], "texture": "#molotov" },
        "west":  { "uv": [ 0, 0, 3, 3 ], "texture": "#molotov" },
        "east":  { "uv": [ 0, 0, 3, 3 ], "texture": "#molotov" }
    }
},
{
    "from": [ 7.5625, 10.75, 10.0625 ],
    "to": [ 9.5625, 14.75, 11.5625 ],
    "faces": {
        "down":  { "uv": [ 4, 0, 13, 2.5 ], "rotation": 270, "texture": "#molotov" },
        "up":    { "uv": [ 4, 0, 13, 2.5 ], "rotation": 270, "texture": "#molotov" },
        "north": { "uv": [ 8, 0.5, 10.5, 3 ], "texture": "#molotov" },
        "south": { "uv": [ 8, 0.5, 10.5, 3 ], "texture": "#molotov" },
        "west":  { "uv": [ 1, 0, 12, 3 ], "texture": "#molotov" },
        "east":  { "uv": [ 1, 0, 12, 3 ], "texture": "#molotov" }
    }
},
{
    "from": [ 7.75, 14.4375, 10.875 ],
    "to": [ 9.1875, 15.4375, 11.875 ],
    "rotation": { "origin": [ 7.75, 15.4375, 10.875 ], "axis": "x", "angle": 45 },
    "faces": {
        "down":  { "uv": [ 0, 0, 2.5, 2.5 ], "texture": "#molotov" },
        "up":    { "uv": [ 0, 0, 2.5, 2.5 ], "texture": "#molotov" },
        "north": { "uv": [ 0, 0, 3, 3 ], "texture": "#molotov" },
        "south": { "uv": [ 0, 0, 3, 3 ], "texture": "#molotov" },
        "west":  { "uv": [ 0, 0, 3, 3 ], "texture": "#molotov" },
        "east":  { "uv": [ 0, 0, 3, 3 ], "texture": "#molotov" }
    }
},
{
    "from": [ 7, 9.5625, 7.5625 ],
    "to": [ 9, 11.0625, 8.5625 ],
    "rotation": { "origin": [ 7, 11.0625, 7.5625 ], "axis": "x", "angle": 45 },
    "faces": {
        "down":  { "uv": [ 1.5, 5.5, 3.5, 6.5 ], "texture": "#molotov" },
        "up":    { "uv": [ 1.5, 5.5, 3.5, 6.5 ], "texture": "#molotov" },
        "north": { "uv": [ 1.5, 5.5, 3.5, 7 ], "texture": "#molotov" },
        "south": { "uv": [ 1.5, 5.5, 3.5, 7 ], "texture": "#molotov" },
        "west":  { "uv": [ 1.5, 6, 2.5, 7.5 ], "texture": "#molotov" },
        "east":  { "uv": [ 1.5, 6, 2.5, 7.5 ], "texture": "#molotov" }
    }
},
{
    "from": [ 7.75, 8.875, 7 ],
    "to": [ 8.75, 10.375, 9 ],
    "rotation": { "origin": [ 7.75, 10.375, 7 ], "axis": "z", "angle": 45 },
    "faces": {
        "down":  { "uv": [ 1.5, 5.5, 3.5, 6.5 ], "texture": "#molotov" },
        "up":    { "uv": [ 1.5, 5.5, 3.5, 6.5 ], "texture": "#molotov" },
        "north": { "uv": [ 1.5, 5.5, 3.5, 7 ], "texture": "#molotov" },
        "south": { "uv": [ 1.5, 5.5, 3.5, 7 ], "texture": "#molotov" },
        "west":  { "uv": [ 1.5, 6, 2.5, 7.5 ], "texture": "#molotov" },
        "east":  { "uv": [ 1.5, 6, 2.5, 7.5 ], "texture": "#molotov" }
    }
},
{
    "from": [ 7, 8.875, 7.75 ],
    "to": [ 9, 10.375, 8.75 ],
    "rotation": { "origin": [ 7, 10.375, 7.75 ], "axis": "x", "angle": -45 },
    "faces": {
        "down":  { "uv": [ 1.5, 5.5, 3.5, 6.5 ], "texture": "#molotov" },
        "up":    { "uv": [ 1.5, 5.5, 3.5, 6.5 ], "texture": "#molotov" },
        "north": { "uv": [ 1.5, 5.5, 3.5, 7 ], "texture": "#molotov" },
        "south": { "uv": [ 1.5, 5.5, 3.5, 7 ], "texture": "#molotov" },
        "west":  { "uv": [ 1.5, 6, 2.5, 7.5 ], "texture": "#molotov" },
        "east":  { "uv": [ 1.5, 6, 2.5, 7.5 ], "texture": "#molotov" }
    }
},
{
    "from": [ 5.9375, 0.625, 5.875 ],
    "to": [ 10.0625, 8.6875, 10.0625 ],
    "faces": {
        "down":  { "uv": [ 16, 9.5, 11.875, 5.375 ], "texture": "#molotov" },
        "up":    { "uv": [ 11.875, 6, 16, 10.125 ], "texture": "#molotov" },
        "north": { "uv": [ 8.5, 6, 12.625, 14.0625 ], "texture": "#molotov" },
        "south": { "uv": [ 0, 6, 4.125, 14.0625 ], "texture": "#molotov" },
        "west":  { "uv": [ 11.875, 6, 16, 14.0625 ], "texture": "#molotov" },
        "east":  { "uv": [ 4.5, 6, 8.625, 14.0625 ], "texture": "#molotov" }
    }
},
{
    "from": [ 6.5, 8.5, 6.5 ],
    "to": [ 7.5, 10, 9.5 ],
    "rotation": { "origin": [ 6.5, 10, 6.5 ], "axis": "z", "angle": -22.5 },
    "faces": {
        "down":  { "uv": [ 1.5, 5.5, 3.5, 6.5 ], "texture": "#molotov" },
        "up":    { "uv": [ 1.5, 5.5, 3.5, 6.5 ], "texture": "#molotov" },
        "north": { "uv": [ 1.5, 5.5, 3.5, 7 ], "texture": "#molotov" },
        "south": { "uv": [ 1.5, 5.5, 3.5, 7 ], "texture": "#molotov" },
        "west":  { "uv": [ 1.5, 6, 2.5, 7.5 ], "texture": "#molotov" },
        "east":  { "uv": [ 1.5, 6, 2.5, 7.5 ], "texture": "#molotov" }
    }
},
{
    "from": [ 8.5625, 8.125, 6.5 ],
    "to": [ 9.5625, 9.625, 9.5 ],
    "rotation": { "origin": [ 8.5625, 9.625, 6.5 ], "axis": "z", "angle": 22.5 },
    "faces": {
        "down":  { "uv": [ 1.5, 5.5, 3.5, 6.5 ], "texture": "#molotov" },
        "up":    { "uv": [ 1.5, 5.5, 3.5, 6.5 ], "texture": "#molotov" },
        "north": { "uv": [ 1.5, 5.5, 3.5, 7 ], "texture": "#molotov" },
        "south": { "uv": [ 1.5, 5.5, 3.5, 7 ], "texture": "#molotov" },
        "west":  { "uv": [ 1.5, 6, 2.5, 7.5 ], "texture": "#molotov" },
        "east":  { "uv": [ 1.5, 6, 2.5, 7.5 ], "texture": "#molotov" }
    }
},
{
    "from": [ 6.5, 8.5, 6.5 ],
    "to": [ 9.5, 10, 7.5 ],
    "rotation": { "origin": [ 6.5, 10, 6.5 ], "axis": "x", "angle": 22.5 },
    "faces": {
        "down":  { "uv": [ 1.5, 5.5, 3.5, 6.5 ], "texture": "#molotov" },
        "up":    { "uv": [ 1.5, 5.5, 3.5, 6.5 ], "texture": "#molotov" },
        "north": { "uv": [ 1.5, 5.5, 3.5, 7 ], "texture": "#molotov" },
        "south": { "uv": [ 1.5, 5.5, 3.5, 7 ], "texture": "#molotov" },
        "west":  { "uv": [ 1.5, 6, 2.5, 7.5 ], "texture": "#molotov" },
        "east":  { "uv": [ 1.5, 6, 2.5, 7.5 ], "texture": "#molotov" }
    }
},
{
    "from": [ 6.5, 8.125, 8.5625 ],
    "to": [ 9.5, 9.625, 9.5625 ],
    "rotation": { "origin": [ 6.5, 9.625, 8.5625 ], "axis": "x", "angle": -22.5 },
    "faces": {
        "down":  { "uv": [ 1.5, 5.5, 3.5, 6.5 ], "texture": "#molotov" },
        "up":    { "uv": [ 1.5, 5.5, 3.5, 6.5 ], "texture": "#molotov" },
        "north": { "uv": [ 1.5, 5.5, 3.5, 7 ], "texture": "#molotov" },
        "south": { "uv": [ 1.5, 5.5, 3.5, 7 ], "texture": "#molotov" },
        "west":  { "uv": [ 1.5, 6, 2.5, 7.5 ], "texture": "#molotov" },
        "east":  { "uv": [ 1.5, 6, 2.5, 7.5 ], "texture": "#molotov" }
    }
}
],
"display": {
    "thirdperson": {
        "rotation": [ -90, 0, 0 ],
        "translation": [ 0, 0, -3.5 ],
        "scale": [ 0.75, 0.75, 0.75 ]
    },
    "ground": {
        "rotation": [ 0, 0, 0 ],
        "translation": [ 0, 0, 0 ],
        "scale": [ 2, 2, 2 ]
    },
    "firstperson": {
        "rotation": [ 20, 135, 0 ],
        "translation": [ 1.2, 2.5, 2.1 ],
        "scale": [ 1, 1, 1 ]
    },
    "gui": {
        "rotation": [ 0, 0, 0 ],
        "translation": [ 0, 0, 0 ],
        "scale": [ 1.5, 1.5, 1.5 ]
    }
}
}