{
"__comment": "Designed by Bob7l with BDcraft Cubik PRO 0.95 Beta - http://bdcraft.net",
"textures": {
    "texture": "blocks/anvil_base"
},
"elements": [ 
{
    "from": [ 7.5, 1.875, 7.25 ],
    "to": [ 8.4375, 13, 8.1875 ],
    "faces": {
        "down":  { "uv": [ 9, 9, 7, 7 ], "texture": "#texture" },
        "up":    { "uv": [ 7, 7, 9, 9 ], "texture": "#texture" },
        "north": { "uv": [ 7, 2.5, 9, 15.5 ], "texture": "#texture" },
        "south": { "uv": [ 7, 2.5, 9, 15.5 ], "texture": "#texture" },
        "west":  { "uv": [ 7, 2.5, 9, 15.5 ], "texture": "#texture" },
        "east":  { "uv": [ 7, 2.5, 9, 15.5 ], "texture": "#texture" }
    }
},
{
    "from": [ 7, 1.625, 6.6875 ],
    "to": [ 8.9375, 2, 8.75 ],
    "faces": {
        "down":  { "uv": [ 9.5, 9.5, 6.5, 6.5 ], "texture": "#texture" },
        "up":    { "uv": [ 6.5, 6.5, 9.5, 9.5 ], "texture": "#texture" },
        "north": { "uv": [ 6.5, 15.5, 9.5, 16 ], "texture": "#texture" },
        "south": { "uv": [ 6.5, 15.5, 9.5, 16 ], "texture": "#texture" },
        "west":  { "uv": [ 6.5, 15.5, 9.5, 16 ], "texture": "#texture" },
        "east":  { "uv": [ 6.5, 15.5, 9.5, 16 ], "texture": "#texture" }
    }
}
],
"display": {
    "thirdperson": {
        "rotation": [ 0, -90, 155 ],
        "translation": [ 0.2, -1.2, 3.3 ],
        "scale": [ 1.95, 1.8, 1.95 ]
    },
    "head": {
        "rotation": [ 0, 0, 0 ],
        "translation": [ 0, 13, 0 ],
        "scale": [ 1, 1, 1 ]
    },
    "ground": {
        "rotation": [ 0, 0, 0 ],
        "translation": [ 0, 3, 0 ],
        "scale": [ 0.4, 0.4, 0.4 ]
    },
    "fixed": {
        "rotation": [ 0, 99, 0 ],
        "translation": [ 0, 2.27, -0.38 ],
        "scale": [ 1, 1, 1 ]
    },
    "firstperson": {
        "rotation": [ -9, -74, 16 ],
        "translation": [ 5.1, 8.4, -4.8 ],
        "scale": [ 1.83, 3.02, 1.29 ]
    },
    "gui": {
        "rotation": [ 30, 225, 0 ],
        "translation": [ 0, 0, 0 ],
        "scale": [ 0.625, 0.625, 0.625 ]
    }
}
}