{
"__comment": "Designed by Kingmarnik with BDcraft Cubik PRO 0.93 Beta - http://bdcraft.net",
"textures": {
    "Flashbang": "items/Smoke2"
},
"elements": [ 
{
    "from": [ 6, 4, 6 ],
    "to": [ 10, 13.5, 10 ],
    "faces": {
        "down":  { "uv": [ 0, 0, 0.5, 0.5 ], "texture": "#Flashbang" },
        "up":    { "uv": [ 0, 0, 0.5, 0.5 ], "texture": "#Flashbang" },
        "north": { "uv": [ 0, 1.5, 4.5, 14 ], "texture": "#Flashbang" },
        "south": { "uv": [ 0, 1.5, 4.5, 14 ], "texture": "#Flashbang" },
        "west":  { "uv": [ 0, 1.5, 4.5, 14 ], "texture": "#Flashbang" },
        "east":  { "uv": [ 0, 1.5, 4.5, 14 ], "texture": "#Flashbang" }
    }
},
{
    "from": [ 7, 13.5, 7 ],
    "to": [ 9, 15.5, 9 ],
    "faces": {
        "down":  { "uv": [ 12.5, 1, 14.5, 3 ], "texture": "#Flashbang" },
        "up":    { "uv": [ 12.5, 1, 14.5, 3 ], "texture": "#Flashbang" },
        "north": { "uv": [ 12, 0.5, 14, 2.5 ], "texture": "#Flashbang" },
        "south": { "uv": [ 12, 0.5, 14, 2.5 ], "texture": "#Flashbang" },
        "west":  { "uv": [ 11.5, 0.5, 13.5, 2.5 ], "texture": "#Flashbang" },
        "east":  { "uv": [ 11.5, 0.5, 13.5, 2.5 ], "texture": "#Flashbang" }
    }
},
{
    "from": [ 8.5, 15, 7 ],
    "to": [ 9.5, 15.5, 9 ],
    "faces": {
        "down":  { "uv": [ 7.5, 9, 6.5, 7 ], "texture": "#Flashbang" },
        "up":    { "uv": [ 8.5, 7, 9.5, 9 ], "texture": "#Flashbang" },
        "north": { "uv": [ 6.5, 0.5, 7.5, 1 ], "texture": "#Flashbang" },
        "south": { "uv": [ 8.5, 0.5, 9.5, 1 ], "texture": "#Flashbang" },
        "west":  { "uv": [ 7, 0.5, 9, 1 ], "texture": "#Flashbang" },
        "east":  { "uv": [ 7, 0.5, 9, 1 ], "texture": "#Flashbang" }
    }
},
{
    "from": [ 9.5, 15, 7 ],
    "to": [ 12, 15.5, 9 ],
    "rotation": { "origin": [ 9.5, 15.5, 7 ], "axis": "z", "angle": -45 },
    "faces": {
        "down":  { "uv": [ 11.5, 11.5, 6, 9.5 ], "texture": "#Flashbang" },
        "up":    { "uv": [ 9.5, 9.5, 15, 11.5 ], "texture": "#Flashbang" },
        "north": { "uv": [ 10.5, 2.5, 16, 3 ], "texture": "#Flashbang" },
        "south": { "uv": [ 9.5, 0, 15, 0.5 ], "texture": "#Flashbang" },
        "west":  { "uv": [ 9.5, 0, 11.5, 0.5 ], "texture": "#Flashbang" },
        "east":  { "uv": [ 5.5, 0, 7.5, 0.5 ], "texture": "#Flashbang" }
    }
},
{
    "from": [ 10.8125, 7.25, 7.5 ],
    "to": [ 11.3125, 13.75, 8.5 ],
    "faces": {
        "down":  { "uv": [ 5.1875, 8.5, 4.6875, 7.5 ], "texture": "#Flashbang" },
        "up":    { "uv": [ 10.8125, 7.5, 11.3125, 8.5 ], "texture": "#Flashbang" },
        "north": { "uv": [ 4.6875, 2.25, 5.1875, 8.75 ], "texture": "#Flashbang" },
        "south": { "uv": [ 10.8125, 2.25, 11.3125, 8.75 ], "texture": "#Flashbang" },
        "west":  { "uv": [ 7.5, 2.25, 8.5, 8.75 ], "texture": "#Flashbang" },
        "east":  { "uv": [ 7.5, 2.25, 8.5, 8.75 ], "texture": "#Flashbang" }
    }
},
{
    "from": [ 10.3125, 6.875, 7.5 ],
    "to": [ 11.3125, 7.375, 8.5 ],
    "faces": {
        "down":  { "uv": [ 5.6875, 8.5, 4.6875, 7.5 ], "texture": "#Flashbang" },
        "up":    { "uv": [ 10.3125, 7.5, 11.3125, 8.5 ], "texture": "#Flashbang" },
        "north": { "uv": [ 4.6875, 8.625, 5.6875, 9.125 ], "texture": "#Flashbang" },
        "south": { "uv": [ 10.3125, 8.625, 11.3125, 9.125 ], "texture": "#Flashbang" },
        "west":  { "uv": [ 7.5, 8.625, 8.5, 9.125 ], "texture": "#Flashbang" },
        "east":  { "uv": [ 7.5, 8.625, 8.5, 9.125 ], "texture": "#Flashbang" }
    }
},
{
    "from": [ 6.5, 15, 7 ],
    "to": [ 7, 15.5, 9 ],
    "faces": {
        "down":  { "uv": [ 9.5, 9, 9, 7 ], "texture": "#Flashbang" },
        "up":    { "uv": [ 6.5, 7, 7, 9 ], "texture": "#Flashbang" },
        "north": { "uv": [ 9, 0.5, 9.5, 1 ], "texture": "#Flashbang" },
        "south": { "uv": [ 6.5, 0.5, 7, 1 ], "texture": "#Flashbang" },
        "west":  { "uv": [ 7, 0.5, 9, 1 ], "texture": "#Flashbang" },
        "east":  { "uv": [ 7, 0.5, 9, 1 ], "texture": "#Flashbang" }
    }
}
],
"display": {
    "thirdperson": {
        "rotation": [ 0, 90, -90 ],
        "translation": [ 0, 0.6, -2.1 ],
        "scale": [ 0.5, 0.5, 0.5 ]
    },
    "ground": {
        "rotation": [ 0, 0, 0 ],
        "translation": [ 0, 0, 0 ],
        "scale": [ 2, 2, 2 ]
    },
    "firstperson": {
        "rotation": [ 0, -115, 0 ],
        "translation": [ 0.8, 1.2, 1.7 ],
        "scale": [ 1, 1, 1 ]
    },
    "gui": {
        "rotation": [ 0, 0, 0 ],
        "translation": [ 0, 0, 0 ],
        "scale": [ 1.5, 1.5, 1.5 ]
    }
}
}