{
"__comment": "Designed by Bob7l with BDcraft Cubik PRO 0.95 Beta - http://bdcraft.net",
"textures": {
    "texture": "blocks/anvil_base"
},
"elements": [ 
{
    "from": [ 7, 4, 7 ],
    "to": [ 9, 7, 9 ],
    "faces": {
        "down":  { "uv": [ 9, 9, 7, 7 ], "texture": "#texture" },
        "up":    { "uv": [ 7, 7, 9, 9 ], "texture": "#texture" },
        "north": { "uv": [ 7, 9, 9, 12 ], "texture": "#texture" },
        "south": { "uv": [ 7, 9, 9, 12 ], "texture": "#texture" },
        "west":  { "uv": [ 7, 9, 9, 12 ], "texture": "#texture" },
        "east":  { "uv": [ 7, 9, 9, 12 ], "texture": "#texture" }
    }
},
{
    "from": [ 7.5, 6.5, 7.5 ],
    "to": [ 8.5, 9.5, 8.5 ],
    "faces": {
        "down":  { "uv": [ 8.5, 8.5, 7.5, 7.5 ], "texture": "#texture" },
        "up":    { "uv": [ 7.5, 7.5, 8.5, 8.5 ], "texture": "#texture" },
        "north": { "uv": [ 7.5, 6.5, 8.5, 9.5 ], "texture": "#texture" },
        "south": { "uv": [ 7.5, 6.5, 8.5, 9.5 ], "texture": "#texture" },
        "west":  { "uv": [ 7.5, 6.5, 8.5, 9.5 ], "texture": "#texture" },
        "east":  { "uv": [ 7.5, 6.5, 8.5, 9.5 ], "texture": "#texture" }
    }
},
{
    "from": [ 7, 9.5, 7 ],
    "to": [ 9, 10, 9 ],
    "faces": {
        "down":  { "uv": [ 9, 9, 7, 7 ], "texture": "#texture" },
        "up":    { "uv": [ 7, 7, 9, 9 ], "texture": "#texture" },
        "north": { "uv": [ 7, 6, 9, 6.5 ], "texture": "#texture" },
        "south": { "uv": [ 7, 6, 9, 6.5 ], "texture": "#texture" },
        "west":  { "uv": [ 7, 6, 9, 6.5 ], "texture": "#texture" },
        "east":  { "uv": [ 7, 6, 9, 6.5 ], "texture": "#texture" }
    }
},
{
    "from": [ 7.5, 1, 8.5 ],
    "to": [ 8, 4.5, 9 ],
    "rotation": { "origin": [ 7.5, 4.5, 8.5 ], "axis": "x", "angle": -22.5 },
    "faces": {
        "down":  { "uv": [ 8.5, 9.5, 7.5, 9 ], "texture": "#texture" },
        "up":    { "uv": [ 7.5, 9, 8.5, 9.5 ], "texture": "#texture" },
        "north": { "uv": [ 7.5, 11.5, 8.5, 15 ], "texture": "#texture" },
        "south": { "uv": [ 7.5, 11.5, 8.5, 15 ], "texture": "#texture" },
        "west":  { "uv": [ 9, 11.5, 9.5, 15 ], "texture": "#texture" },
        "east":  { "uv": [ 6.5, 11.5, 7, 15 ], "texture": "#texture" }
    }
},
{
    "from": [ 8, 1, 7 ],
    "to": [ 8.5, 4.5, 7.5 ],
    "rotation": { "origin": [ 8, 4.5, 7 ], "axis": "x", "angle": 22.5 },
    "faces": {
        "down":  { "uv": [ 8.5, 9.5, 7.5, 9 ], "texture": "#texture" },
        "up":    { "uv": [ 7.5, 9, 8.5, 9.5 ], "texture": "#texture" },
        "north": { "uv": [ 7.5, 11.5, 8.5, 15 ], "texture": "#texture" },
        "south": { "uv": [ 7.5, 11.5, 8.5, 15 ], "texture": "#texture" },
        "west":  { "uv": [ 9, 11.5, 9.5, 15 ], "texture": "#texture" },
        "east":  { "uv": [ 6.5, 11.5, 7, 15 ], "texture": "#texture" }
    }
},
{
    "from": [ 8.5, 1, 8 ],
    "to": [ 9, 4.5, 8.5 ],
    "rotation": { "origin": [ 8.5, 4.5, 8 ], "axis": "z", "angle": 22.5 },
    "faces": {
        "down":  { "uv": [ 8.5, 9.5, 7.5, 9 ], "texture": "#texture" },
        "up":    { "uv": [ 7.5, 9, 8.5, 9.5 ], "texture": "#texture" },
        "north": { "uv": [ 7.5, 11.5, 8.5, 15 ], "texture": "#texture" },
        "south": { "uv": [ 7.5, 11.5, 8.5, 15 ], "texture": "#texture" },
        "west":  { "uv": [ 9, 11.5, 9.5, 15 ], "texture": "#texture" },
        "east":  { "uv": [ 6.5, 11.5, 7, 15 ], "texture": "#texture" }
    }
},
{
    "from": [ 7, 1, 7.5 ],
    "to": [ 7.5, 4.5, 8 ],
    "rotation": { "origin": [ 7, 4.5, 7.5 ], "axis": "z", "angle": -22.5 },
    "faces": {
        "down":  { "uv": [ 8.5, 9.5, 7.5, 9 ], "texture": "#texture" },
        "up":    { "uv": [ 7.5, 9, 8.5, 9.5 ], "texture": "#texture" },
        "north": { "uv": [ 7.5, 11.5, 8.5, 15 ], "texture": "#texture" },
        "south": { "uv": [ 7.5, 11.5, 8.5, 15 ], "texture": "#texture" },
        "west":  { "uv": [ 9, 11.5, 9.5, 15 ], "texture": "#texture" },
        "east":  { "uv": [ 6.5, 11.5, 7, 15 ], "texture": "#texture" }
    }
}
],
"display": {
    "thirdperson": {
        "rotation": [ 0, -90, 155 ],
        "translation": [ 0.5, -2.6, 2.7 ],
        "scale": [ 3.56, 3.18, 3.56 ]
    }
}
}