{
  "machine.hit": {
    "category": "master",
    "sounds": [
      "machines/metalhit1",
      "machines/metalhit2",
      "machines/metalhit3",
      "machines/metalhit4",
      "machines/metalhit5",
      "machines/metalhit6",
      "machines/metalhit7",
      "machines/metalhit8"
    ]
  },
  "car.engine1": {
    "category": "master",
    "sounds": [
      "car/engine_1"
    ]
  },
  "apc.shoot": {
    "category": "master",
    "sounds": [
      "apc/shoot"
    ]
  },
  "apc.idle": {
    "category": "master",
    "sounds": [
      "apc/apc_idle"
    ]
  },
  "apc.start": {
    "category": "master",
    "sounds": [
      "apc/apc_start"
    ]
  },
  "bear_trap": {
    "category": "master",
    "sounds": [
      "bear_trap"
    ]
  },
  "recycler": {
    "category": "master",
    "sounds": [
      "recycler"
    ]
  },
  "cart": {
    "category": "master",
    "sounds": [
      "cart"
    ]
  },
  "parachute_open": {
    "category": "master",
    "sounds": [
      "parachute_open"
    ]
  },
  "car.motorcycle_idle": {
    "category": "master",
    "sounds": [
      "car/motorcycle_idle"
    ]
  },
  "car.helistart": {
    "category": "master",
    "sounds": [
      "car/helistart"
    ]
  },
  "car.helirun": {
    "category": "master",
    "sounds": [
      "car/helirun"
    ]
  },
  "car.planerun": {
    "category": "master",
    "sounds": [
      "car/plane_engine2"
    ]
  },
  "world.radiation": {
    "category": "master",
    "sounds": [
      "world/radiation"
    ]
  },
  "weapons.hit": {
    "category": "master",
    "sounds": [
      "weapons/hitwall/wall1",
      "weapons/hitwall/wall2",
      "weapons/hitwall/wall3",
      "weapons/hitwall/wall4",
      "weapons/hitwall/wall5",
      "weapons/hitwall/wall6",
      "weapons/hitwall/wall7"
    ]
  },
  "weapons.AK47": {
    "category": "master",
    "sounds": [
      "weapons/AK47"
    ]
  },
  "weapons.AR-15": {
    "category": "master",
    "sounds": [
      "weapons/AR15"
    ]
  },
  "weapons.M16": {
    "category": "master",
    "sounds": [
      "weapons/M16"
    ]
  },
  "weapons.flamethrower_begin": {
    "category": "master",
    "sounds": [
      "weapons/flamethrower_begin"
    ]
  },
  "weapons.flamethrower_on": {
    "category": "master",
    "sounds": [
      "weapons/flamethrower_on"
    ]
  },
  "weapons.AUG": {
    "category": "master",
    "sounds": [
      "weapons/AUG"
    ]
  },
  "weapons.P90": {
    "category": "master",
    "sounds": [
      "weapons/P90"
    ]
  },
  "weapons.cockgun": {
    "category": "master",
    "sounds": [
      "weapons/cockgun"
    ]
  },
  "weapons.M1911": {
    "category": "master",
    "sounds": [
      "weapons/GLOCK"
    ]
  },
  "weapons.ump_45": {
    "category": "master",
    "sounds": [
      "weapons/ump_45"
    ]
  },
  "weapons.opengun": {
    "category": "master",
    "sounds": [
      "weapons/opengun"
    ]
  },
  "weapons.SCAR": {
    "category": "master",
    "sounds": [
      "weapons/SCAR"
    ]
  },
  "weapons.M4A1": {
    "category": "master",
    "sounds": [
      "weapons/M4A1"
    ]
  },
  "weapons.SPAZ-12": {
    "category": "master",
    "sounds": [
      "weapons/Shotgun"
    ]
  },
  "weapons.M-24": {
    "category": "master",
    "sounds": [
      "weapons/Sniper"
    ]
  },
  "weapons.Enfield": {
    "category": "master",
    "sounds": [
      "weapons/Sniper"
    ]
  },
  "weapons.CarGun": {
    "category": "master",
    "sounds": [
      "weapons/CarGun"
    ]
  },
  "weapons.PlaneGun": {
    "category": "master",
    "sounds": [
      "weapons/PlaneGun"
    ]
  },
  "weapons.AutoTurret": {
    "category": "master",
    "sounds": [
      "weapons/AutoTurret"
    ]
  },
  "weapons.PlaneShot": {
    "category": "master",
    "sounds": [
      "weapons/PlaneShot"
    ]
  },
  "weapons.44 Magnum": {
    "category": "master",
    "sounds": [
      "weapons/44MAG"
    ]
  },
  "weapons.Dragunov": {
    "category": "master",
    "sounds": [
      "weapons/Dragunov"
    ]
  },
  "weapons.Type98": {
    "category": "master",
    "sounds": [
      "weapons/Type98"
    ]
  },
  "weapons.Rifle": {
    "category": "master",
    "sounds": [
      "weapons/Rifle"
    ]
  },
  "weapons.DoubleBarrel": {
    "category": "master",
    "sounds": [
      "weapons/DoubleBarrel"
    ]
  },
  "weapons.HomemadeShotgun": {
    "category": "master",
    "sounds": [
      "weapons/HomemadeShotgun"
    ]
  },
  "weapons.LMG": {
    "category": "master",
    "sounds": [
      "weapons/LMG"
    ]
  },
  "weapons.RPG": {
    "category": "master",
    "sounds": [
      "weapons/RPG"
    ]
  },
  "weapons.SCAR-H": {
    "category": "master",
    "sounds": [
      "weapons/SCAR-H"
    ]
  },
  "weapons.reload": {
    "category": "master",
    "sounds": [
      "weapons/reload"
    ]
  }
}