{
	"__comment": "Designed by Cookiesnom with Cubik Studio - https://cubik.studio",
	"textures": {
		"particle": "blocks/anvil_base",
		"anvil": "blocks/anvil_base",
		"grey": "blocks/hardened_clay_stained_cyan",
		"darker_anvil": "blocks/cauldron_inner"
	},
	"elements": [ 	 
		{
			"__comment": "Box1",
			"from": [ 6.2, 0.9, 6.2 ],
			"to": [ 9.799999, 1.35, 9.799999 ],
			"faces": {
				"down": { "uv": [ 7, 7, 9, 9 ], "texture": "#anvil" },
				"up": { "uv": [ 7, 7, 9, 9 ], "texture": "#anvil" },
				"north": { "uv": [ 7, 15.25, 9, 15.5 ], "texture": "#anvil" },
				"south": { "uv": [ 7, 15.25, 9, 15.5 ], "texture": "#anvil" },
				"west": { "uv": [ 7, 15.25, 9, 15.5 ], "texture": "#anvil" },
				"east": { "uv": [ 7, 15.25, 9, 15.5 ], "texture": "#anvil" }
			}
		},
		{
			"__comment": "Box1",
			"from": [ -1, 0, 7.1 ],
			"to": [ 17, 0.45, 8.9 ],
			"faces": {
				"down": { "uv": [ 2.999999, 7.5, 13, 8.5 ], "texture": "#darker_anvil" },
				"up": { "uv": [ 2.999999, 7.5, 13, 8.5 ], "texture": "#darker_anvil" },
				"north": { "uv": [ 3.000001, 15.75, 13, 16 ], "texture": "#darker_anvil" },
				"south": { "uv": [ 2.999999, 15.75, 13, 16 ], "texture": "#darker_anvil" },
				"west": { "uv": [ 7.5, 15.75, 8.5, 16 ], "texture": "#darker_anvil" },
				"east": { "uv": [ 7.5, 15.75, 8.5, 16 ], "texture": "#darker_anvil" }
			}
		},
		{
			"__comment": "Box1",
			"from": [ 7.1, 0, 8.9 ],
			"to": [ 8.9, 0.45, 16.1 ],
			"faces": {
				"down": { "uv": [ 7.5, 3.5, 8.5, 7.5 ], "texture": "#darker_anvil" },
				"up": { "uv": [ 7.5, 8.5, 8.5, 12.5 ], "texture": "#darker_anvil" },
				"north": { "uv": [ 7.5, 15.75, 8.5, 16 ], "texture": "#darker_anvil" },
				"south": { "uv": [ 7.5, 15.75, 8.5, 16 ], "texture": "#darker_anvil" },
				"west": { "uv": [ 8.5, 15.75, 12.5, 16 ], "texture": "#darker_anvil" },
				"east": { "uv": [ 3.5, 15.75, 7.5, 16 ], "texture": "#darker_anvil" }
			}
		},
		{
			"__comment": "Box1",
			"from": [ 1.7, 0.45, 8.45 ],
			"to": [ 3.05, 1.8, 12.95 ],
			"faces": {
				"down": { "uv": [ 4.5, 5.25, 5.25, 7.75 ], "texture": "#anvil" },
				"up": { "uv": [ 4.5, 8.25, 5.25, 10.75 ], "texture": "#anvil" },
				"north": { "uv": [ 10.75, 14.625, 11.5, 15.375 ], "texture": "#anvil" },
				"south": { "uv": [ 4.5, 14.625, 5.25, 15.375 ], "texture": "#anvil" },
				"west": { "uv": [ 8.25, 14.625, 10.75, 15.375 ], "texture": "#anvil" },
				"east": { "uv": [ 5.25, 14.625, 7.75, 15.375 ], "texture": "#anvil" }
			}
		},
		{
			"__comment": "Box1",
			"from": [ 1.7, 0.45, 12.95 ],
			"to": [ 14.3, 1.8, 14.3 ],
			"faces": {
				"down": { "uv": [ 4.5, 4.5, 11.5, 5.25 ], "texture": "#anvil" },
				"up": { "uv": [ 4.5, 10.75, 11.5, 11.5 ], "texture": "#anvil" },
				"north": { "uv": [ 4.5, 14.625, 11.5, 15.375 ], "texture": "#anvil" },
				"south": { "uv": [ 4.5, 14.625, 11.5, 15.375 ], "texture": "#anvil" },
				"west": { "uv": [ 10.75, 14.625, 11.5, 15.375 ], "texture": "#anvil" },
				"east": { "uv": [ 4.5, 14.625, 5.25, 15.375 ], "texture": "#anvil" }
			}
		},
		{
			"__comment": "Box1",
			"from": [ 12.95, 0.45, 8.45 ],
			"to": [ 14.3, 1.8, 12.95 ],
			"faces": {
				"down": { "uv": [ 10.75, 5.25, 11.5, 7.75 ], "texture": "#anvil" },
				"up": { "uv": [ 10.75, 8.25, 11.5, 10.75 ], "texture": "#anvil" },
				"north": { "uv": [ 4.5, 14.625, 5.25, 15.375 ], "texture": "#anvil" },
				"south": { "uv": [ 10.75, 14.625, 11.5, 15.375 ], "texture": "#anvil" },
				"west": { "uv": [ 8.25, 14.625, 10.75, 15.375 ], "texture": "#anvil" },
				"east": { "uv": [ 5.25, 14.625, 7.75, 15.375 ], "texture": "#anvil" }
			}
		},
		{
			"__comment": "Box1",
			"from": [ 1.7, 0.45, 3.05 ],
			"to": [ 3.05, 1.8, 7.55 ],
			"faces": {
				"down": { "uv": [ 4.5, 8.25, 5.25, 10.75 ], "texture": "#anvil" },
				"up": { "uv": [ 4.5, 5.25, 5.25, 7.75 ], "texture": "#anvil" },
				"north": { "uv": [ 10.75, 15, 11.5, 15.75 ], "texture": "#anvil" },
				"south": { "uv": [ 4.5, 15, 5.25, 15.75 ], "texture": "#anvil" },
				"west": { "uv": [ 5.25, 15, 7.75, 15.75 ], "texture": "#anvil" },
				"east": { "uv": [ 8.25, 15, 10.75, 15.75 ], "texture": "#anvil" }
			}
		},
		{
			"__comment": "Box1",
			"from": [ 12.95, 0.45, 3.05 ],
			"to": [ 14.3, 1.8, 7.55 ],
			"faces": {
				"down": { "uv": [ 10.75, 8.25, 11.5, 10.75 ], "texture": "#anvil" },
				"up": { "uv": [ 10.75, 5.25, 11.5, 7.75 ], "texture": "#anvil" },
				"north": { "uv": [ 4.5, 15, 5.25, 15.75 ], "texture": "#anvil" },
				"south": { "uv": [ 10.75, 15, 11.5, 15.75 ], "texture": "#anvil" },
				"west": { "uv": [ 5.25, 15, 7.75, 15.75 ], "texture": "#anvil" },
				"east": { "uv": [ 8.25, 15, 10.75, 15.75 ], "texture": "#anvil" }
			}
		},
		{
			"__comment": "Box1",
			"from": [ 1.7, 0.45, 1.7 ],
			"to": [ 14.3, 1.8, 3.05 ],
			"faces": {
				"down": { "uv": [ 4.5, 10.75, 11.5, 11.5 ], "texture": "#anvil" },
				"up": { "uv": [ 4.5, 4.5, 11.5, 5.25 ], "texture": "#anvil" },
				"north": { "uv": [ 4.5, 15, 11.5, 15.75 ], "texture": "#anvil" },
				"south": { "uv": [ 4.5, 15, 11.5, 15.75 ], "texture": "#anvil" },
				"west": { "uv": [ 4.5, 15, 5.25, 15.75 ], "texture": "#anvil" },
				"east": { "uv": [ 10.75, 15, 11.5, 15.75 ], "texture": "#anvil" }
			}
		},
		{
			"__comment": "Box1",
			"from": [ 13.85, 0, 7.1 ],
			"to": [ 17, 0.45, 8.9 ],
			"rotation": { "origin": [ 17, 0.45, 7.1 ], "axis": "z", "angle": -22.5 },
			"faces": {
				"down": { "uv": [ 13, 7.5, 14.75, 8.5 ], "texture": "#darker_anvil", "rotation": 180 },
				"up": { "uv": [ 13, 7.5, 14.75, 8.5 ], "texture": "#darker_anvil", "rotation": 180 },
				"north": { "uv": [ 3.000001, 15.75, 1.250001, 15.5 ], "texture": "#darker_anvil" },
				"south": { "uv": [ 14.75, 15.75, 13, 15.5 ], "texture": "#darker_anvil" },
				"west": { "uv": [ 7.5, 15.5, 8.5, 15.75 ], "texture": "#darker_anvil", "rotation": 180 },
				"east": { "uv": [ 7.5, 15.5, 8.5, 15.75 ], "texture": "#darker_anvil", "rotation": 180 }
			}
		},
		{
			"__comment": "Box1",
			"from": [ -1, 0, 7.1 ],
			"to": [ 2.15, 0.45, 8.9 ],
			"rotation": { "origin": [ -1, 0.45, 7.1 ], "axis": "z", "angle": 22.5 },
			"faces": {
				"down": { "uv": [ 7.5, 14, 8.5, 15.75 ], "texture": "#darker_anvil", "rotation": 90 },
				"up": { "uv": [ 8.5, 15.75, 7.5, 14 ], "texture": "#darker_anvil", "rotation": 270 },
				"north": { "uv": [ 13, 15.75, 12.75, 14 ], "texture": "#darker_anvil", "rotation": 90 },
				"south": { "uv": [ 3.250002, 15.75, 3.000002, 14 ], "texture": "#darker_anvil", "rotation": 270 },
				"west": { "uv": [ 3.250002, 8.5, 3.000002, 7.5 ], "texture": "#darker_anvil", "rotation": 270 },
				"east": { "uv": [ 3.000002, 7.5, 3.250002, 8.5 ], "texture": "#darker_anvil", "rotation": 90 }
			}
		},
		{
			"__comment": "Box1",
			"from": [ 7.1, 0.45, 7.1 ],
			"to": [ 8.9, 0.9, 8.9 ],
			"faces": {
				"down": { "uv": [ 7.5, 7.5, 8.5, 8.5 ], "texture": "#darker_anvil" },
				"up": { "uv": [ 7.5, 7.5, 8.5, 8.5 ], "texture": "#darker_anvil" },
				"north": { "uv": [ 7.5, 15.5, 8.5, 15.75 ], "texture": "#darker_anvil" },
				"south": { "uv": [ 7.5, 15.5, 8.5, 15.75 ], "texture": "#darker_anvil" },
				"west": { "uv": [ 7.5, 15.5, 8.5, 15.75 ], "texture": "#darker_anvil" },
				"east": { "uv": [ 7.5, 15.5, 8.5, 15.75 ], "texture": "#darker_anvil" }
			}
		},
		{
			"__comment": "Box1",
			"from": [ 7.1, 0, 16.1 ],
			"to": [ 8.9, 1.125, 16.55 ],
			"faces": {
				"down": { "uv": [ 7.5, 3.25, 8.5, 3.5 ], "texture": "#darker_anvil" },
				"up": { "uv": [ 7.5, 12.5, 8.5, 12.75 ], "texture": "#darker_anvil" },
				"north": { "uv": [ 7.5, 15.375, 8.5, 16 ], "texture": "#darker_anvil" },
				"south": { "uv": [ 7.5, 15.375, 8.5, 16 ], "texture": "#darker_anvil" },
				"west": { "uv": [ 12.5, 15.375, 12.75, 16 ], "texture": "#darker_anvil" },
				"east": { "uv": [ 3.25, 15.375, 3.5, 16 ], "texture": "#darker_anvil" }
			}
		},
		{
			"__comment": "Box1",
			"from": [ 7.55, 1.125, 16.1 ],
			"to": [ 8.45, 1.575, 16.55 ],
			"faces": {
				"down": { "uv": [ 7.75, 3.25, 8.25, 3.5 ], "texture": "#darker_anvil" },
				"up": { "uv": [ 7.75, 12.5, 8.25, 12.75 ], "texture": "#darker_anvil" },
				"north": { "uv": [ 7.75, 15.125, 8.25, 15.375 ], "texture": "#darker_anvil" },
				"south": { "uv": [ 7.75, 15.125, 8.25, 15.375 ], "texture": "#darker_anvil" },
				"west": { "uv": [ 12.5, 15.125, 12.75, 15.375 ], "texture": "#darker_anvil" },
				"east": { "uv": [ 3.25, 15.125, 3.5, 15.375 ], "texture": "#darker_anvil" }
			}
		},
		{
			"__comment": "Box1",
			"from": [ 7.1, 1.125, 16.1 ],
			"to": [ 7.55, 1.76139, 16.55 ],
			"rotation": { "origin": [ 7.1, 1.125, 16.1 ], "axis": "z", "angle": -45 },
			"faces": {
				"down": { "uv": [ 7.5, 3.25, 7.75, 3.5 ], "texture": "#darker_anvil" },
				"up": { "uv": [ 7.5, 12.5, 7.75, 12.75 ], "texture": "#darker_anvil" },
				"north": { "uv": [ 8.25, 15.02145, 8.5, 15.375 ], "texture": "#darker_anvil" },
				"south": { "uv": [ 7.5, 15.02145, 7.75, 15.375 ], "texture": "#darker_anvil" },
				"west": { "uv": [ 12.5, 15.02145, 12.75, 15.375 ], "texture": "#darker_anvil" },
				"east": { "uv": [ 3.25, 15.02145, 3.5, 15.375 ], "texture": "#darker_anvil" }
			}
		},
		{
			"__comment": "Box1",
			"from": [ 8.45, 1.125, 16.1 ],
			"to": [ 9.08639, 1.575, 16.55 ],
			"rotation": { "origin": [ 8.45, 1.575, 16.1 ], "axis": "z", "angle": -45 },
			"faces": {
				"down": { "uv": [ 3.25, 14.77145, 3.5, 15.125 ], "texture": "#darker_anvil", "rotation": 90 },
				"up": { "uv": [ 12.75, 15.125, 12.5, 14.77145 ], "texture": "#darker_anvil", "rotation": 270 },
				"north": { "uv": [ 7.75, 15.125, 7.5, 14.77145 ], "texture": "#darker_anvil", "rotation": 90 },
				"south": { "uv": [ 8.5, 15.125, 8.25, 14.77145 ], "texture": "#darker_anvil", "rotation": 270 },
				"west": { "uv": [ 8.5, 3.5, 8.25, 3.25 ], "texture": "#darker_anvil", "rotation": 270 },
				"east": { "uv": [ 8.25, 12.5, 8.5, 12.75 ], "texture": "#darker_anvil", "rotation": 90 }
			}
		},
		{
			"__comment": "Box1",
			"from": [ 2.15, 1.8, 10.025 ],
			"to": [ 2.6, 2.475, 10.475 ],
			"faces": {
				"down": { "uv": [ 4.75, 6.625, 5, 6.875 ], "texture": "#grey" },
				"up": { "uv": [ 4.75, 9.125, 5, 9.375 ], "texture": "#grey" },
				"north": { "uv": [ 11, 14.25, 11.25, 14.625 ], "texture": "#grey" },
				"south": { "uv": [ 4.75, 14.25, 5, 14.625 ], "texture": "#grey" },
				"west": { "uv": [ 9.125, 14.25, 9.375, 14.625 ], "texture": "#grey" },
				"east": { "uv": [ 6.625, 14.25, 6.875, 14.625 ], "texture": "#grey" }
			}
		},
		{
			"__comment": "Box1",
			"from": [ 2.2625, 2.475, 10.1375 ],
			"to": [ 2.4875, 3.15, 10.3625 ],
			"faces": {
				"down": { "uv": [ 4.8125, 6.6875, 4.9375, 6.8125 ], "texture": "#grey" },
				"up": { "uv": [ 4.8125, 9.1875, 4.9375, 9.3125 ], "texture": "#grey" },
				"north": { "uv": [ 11.0625, 13.875, 11.1875, 14.25 ], "texture": "#grey" },
				"south": { "uv": [ 4.8125, 13.875, 4.9375, 14.25 ], "texture": "#grey" },
				"west": { "uv": [ 9.1875, 13.875, 9.3125, 14.25 ], "texture": "#grey" },
				"east": { "uv": [ 6.6875, 13.875, 6.8125, 14.25 ], "texture": "#grey" }
			}
		},
		{
			"__comment": "Box1",
			"from": [ 2.15, 1.8, 11.375 ],
			"to": [ 2.6, 2.475, 11.825 ],
			"faces": {
				"down": { "uv": [ 4.75, 5.875, 5, 6.125 ], "texture": "#grey" },
				"up": { "uv": [ 4.75, 9.875, 5, 10.125 ], "texture": "#grey" },
				"north": { "uv": [ 11, 14.25, 11.25, 14.625 ], "texture": "#grey" },
				"south": { "uv": [ 4.75, 14.25, 5, 14.625 ], "texture": "#grey" },
				"west": { "uv": [ 9.875, 14.25, 10.125, 14.625 ], "texture": "#grey" },
				"east": { "uv": [ 5.875, 14.25, 6.125, 14.625 ], "texture": "#grey" }
			}
		},
		{
			"__comment": "Box1",
			"from": [ 2.2625, 2.475, 11.4875 ],
			"to": [ 2.4875, 3.15, 11.7125 ],
			"faces": {
				"down": { "uv": [ 4.8125, 5.9375, 4.9375, 6.0625 ], "texture": "#grey" },
				"up": { "uv": [ 4.8125, 9.9375, 4.9375, 10.0625 ], "texture": "#grey" },
				"north": { "uv": [ 11.0625, 13.875, 11.1875, 14.25 ], "texture": "#grey" },
				"south": { "uv": [ 4.8125, 13.875, 4.9375, 14.25 ], "texture": "#grey" },
				"west": { "uv": [ 9.9375, 13.875, 10.0625, 14.25 ], "texture": "#grey" },
				"east": { "uv": [ 5.9375, 13.875, 6.0625, 14.25 ], "texture": "#grey" }
			}
		},
		{
			"__comment": "Box1",
			"from": [ 2.15, 1.8, 12.725 ],
			"to": [ 2.6, 2.475, 13.175 ],
			"faces": {
				"down": { "uv": [ 4.75, 5.125, 5, 5.375 ], "texture": "#grey" },
				"up": { "uv": [ 4.75, 10.625, 5, 10.875 ], "texture": "#grey" },
				"north": { "uv": [ 11, 14.25, 11.25, 14.625 ], "texture": "#grey" },
				"south": { "uv": [ 4.75, 14.25, 5, 14.625 ], "texture": "#grey" },
				"west": { "uv": [ 10.625, 14.25, 10.875, 14.625 ], "texture": "#grey" },
				"east": { "uv": [ 5.125, 14.25, 5.375, 14.625 ], "texture": "#grey" }
			}
		},
		{
			"__comment": "Box1",
			"from": [ 2.2625, 2.475, 12.8375 ],
			"to": [ 2.4875, 3.15, 13.0625 ],
			"faces": {
				"down": { "uv": [ 4.8125, 5.1875, 4.9375, 5.3125 ], "texture": "#grey" },
				"up": { "uv": [ 4.8125, 10.6875, 4.9375, 10.8125 ], "texture": "#grey" },
				"north": { "uv": [ 11.0625, 13.875, 11.1875, 14.25 ], "texture": "#grey" },
				"south": { "uv": [ 4.8125, 13.875, 4.9375, 14.25 ], "texture": "#grey" },
				"west": { "uv": [ 10.6875, 13.875, 10.8125, 14.25 ], "texture": "#grey" },
				"east": { "uv": [ 5.1875, 13.875, 5.3125, 14.25 ], "texture": "#grey" }
			}
		},
		{
			"__comment": "Box1",
			"from": [ 2.825, 1.8, 13.4 ],
			"to": [ 3.275, 2.475, 13.85 ],
			"faces": {
				"down": { "uv": [ 5.125, 4.75, 5.375, 5 ], "texture": "#grey" },
				"up": { "uv": [ 5.125, 11, 5.375, 11.25 ], "texture": "#grey" },
				"north": { "uv": [ 10.625, 14.25, 10.875, 14.625 ], "texture": "#grey" },
				"south": { "uv": [ 5.125, 14.25, 5.375, 14.625 ], "texture": "#grey" },
				"west": { "uv": [ 11, 14.25, 11.25, 14.625 ], "texture": "#grey" },
				"east": { "uv": [ 4.75, 14.25, 5, 14.625 ], "texture": "#grey" }
			}
		},
		{
			"__comment": "Box1",
			"from": [ 2.9375, 2.475, 13.5125 ],
			"to": [ 3.1625, 3.15, 13.7375 ],
			"faces": {
				"down": { "uv": [ 5.1875, 4.8125, 5.3125, 4.9375 ], "texture": "#grey" },
				"up": { "uv": [ 5.1875, 11.0625, 5.3125, 11.1875 ], "texture": "#grey" },
				"north": { "uv": [ 10.6875, 13.875, 10.8125, 14.25 ], "texture": "#grey" },
				"south": { "uv": [ 5.1875, 13.875, 5.3125, 14.25 ], "texture": "#grey" },
				"west": { "uv": [ 11.0625, 13.875, 11.1875, 14.25 ], "texture": "#grey" },
				"east": { "uv": [ 4.8125, 13.875, 4.9375, 14.25 ], "texture": "#grey" }
			}
		},
		{
			"__comment": "Box1",
			"from": [ 2.2625, 2.475, 8.787499 ],
			"to": [ 2.4875, 3.15, 9.0125 ],
			"faces": {
				"down": { "uv": [ 4.8125, 7.4375, 4.9375, 7.5625 ], "texture": "#grey" },
				"up": { "uv": [ 4.8125, 8.4375, 4.9375, 8.5625 ], "texture": "#grey" },
				"north": { "uv": [ 11.0625, 13.875, 11.1875, 14.25 ], "texture": "#grey" },
				"south": { "uv": [ 4.8125, 13.875, 4.9375, 14.25 ], "texture": "#grey" },
				"west": { "uv": [ 8.4375, 13.875, 8.5625, 14.25 ], "texture": "#grey" },
				"east": { "uv": [ 7.4375, 13.875, 7.5625, 14.25 ], "texture": "#grey" }
			}
		},
		{
			"__comment": "Box1",
			"from": [ 2.15, 1.8, 8.675 ],
			"to": [ 2.6, 2.475, 9.125 ],
			"faces": {
				"down": { "uv": [ 4.75, 7.375, 5, 7.625 ], "texture": "#grey" },
				"up": { "uv": [ 4.75, 8.375, 5, 8.625 ], "texture": "#grey" },
				"north": { "uv": [ 11, 14.25, 11.25, 14.625 ], "texture": "#grey" },
				"south": { "uv": [ 4.75, 14.25, 5, 14.625 ], "texture": "#grey" },
				"west": { "uv": [ 8.375, 14.25, 8.625, 14.625 ], "texture": "#grey" },
				"east": { "uv": [ 7.375, 14.25, 7.625, 14.625 ], "texture": "#grey" }
			}
		},
		{
			"__comment": "Box1",
			"from": [ 4.175, 1.8, 13.4 ],
			"to": [ 4.625, 2.475, 13.85 ],
			"faces": {
				"down": { "uv": [ 5.875, 4.75, 6.125, 5 ], "texture": "#grey" },
				"up": { "uv": [ 5.875, 11, 6.125, 11.25 ], "texture": "#grey" },
				"north": { "uv": [ 9.875, 14.25, 10.125, 14.625 ], "texture": "#grey" },
				"south": { "uv": [ 5.875, 14.25, 6.125, 14.625 ], "texture": "#grey" },
				"west": { "uv": [ 11, 14.25, 11.25, 14.625 ], "texture": "#grey" },
				"east": { "uv": [ 4.75, 14.25, 5, 14.625 ], "texture": "#grey" }
			}
		},
		{
			"__comment": "Box1",
			"from": [ 4.2875, 2.475, 13.5125 ],
			"to": [ 4.5125, 3.15, 13.7375 ],
			"faces": {
				"down": { "uv": [ 5.9375, 4.8125, 6.0625, 4.9375 ], "texture": "#grey" },
				"up": { "uv": [ 5.9375, 11.0625, 6.0625, 11.1875 ], "texture": "#grey" },
				"north": { "uv": [ 9.9375, 13.875, 10.0625, 14.25 ], "texture": "#grey" },
				"south": { "uv": [ 5.9375, 13.875, 6.0625, 14.25 ], "texture": "#grey" },
				"west": { "uv": [ 11.0625, 13.875, 11.1875, 14.25 ], "texture": "#grey" },
				"east": { "uv": [ 4.8125, 13.875, 4.9375, 14.25 ], "texture": "#grey" }
			}
		},
		{
			"__comment": "Box1",
			"from": [ 5.525, 1.8, 13.4 ],
			"to": [ 5.975, 2.475, 13.85 ],
			"faces": {
				"down": { "uv": [ 6.625, 4.75, 6.875, 5 ], "texture": "#grey" },
				"up": { "uv": [ 6.625, 11, 6.875, 11.25 ], "texture": "#grey" },
				"north": { "uv": [ 9.125, 14.25, 9.375, 14.625 ], "texture": "#grey" },
				"south": { "uv": [ 6.625, 14.25, 6.875, 14.625 ], "texture": "#grey" },
				"west": { "uv": [ 11, 14.25, 11.25, 14.625 ], "texture": "#grey" },
				"east": { "uv": [ 4.75, 14.25, 5, 14.625 ], "texture": "#grey" }
			}
		},
		{
			"__comment": "Box1",
			"from": [ 5.6375, 2.475, 13.5125 ],
			"to": [ 5.8625, 3.15, 13.7375 ],
			"faces": {
				"down": { "uv": [ 6.6875, 4.8125, 6.8125, 4.9375 ], "texture": "#grey" },
				"up": { "uv": [ 6.6875, 11.0625, 6.8125, 11.1875 ], "texture": "#grey" },
				"north": { "uv": [ 9.1875, 13.875, 9.3125, 14.25 ], "texture": "#grey" },
				"south": { "uv": [ 6.6875, 13.875, 6.8125, 14.25 ], "texture": "#grey" },
				"west": { "uv": [ 11.0625, 13.875, 11.1875, 14.25 ], "texture": "#grey" },
				"east": { "uv": [ 4.8125, 13.875, 4.9375, 14.25 ], "texture": "#grey" }
			}
		},
		{
			"__comment": "Box1",
			"from": [ 10.8125, 2.475, 13.5125 ],
			"to": [ 11.0375, 3.15, 13.7375 ],
			"faces": {
				"down": { "uv": [ 9.5625, 4.8125, 9.6875, 4.9375 ], "texture": "#grey" },
				"up": { "uv": [ 9.5625, 11.0625, 9.6875, 11.1875 ], "texture": "#grey" },
				"north": { "uv": [ 6.3125, 13.875, 6.4375, 14.25 ], "texture": "#grey" },
				"south": { "uv": [ 9.5625, 13.875, 9.6875, 14.25 ], "texture": "#grey" },
				"west": { "uv": [ 11.0625, 13.875, 11.1875, 14.25 ], "texture": "#grey" },
				"east": { "uv": [ 4.8125, 13.875, 4.9375, 14.25 ], "texture": "#grey" }
			}
		},
		{
			"__comment": "Box1",
			"from": [ 9.4625, 2.475, 13.5125 ],
			"to": [ 9.6875, 3.15, 13.7375 ],
			"faces": {
				"down": { "uv": [ 8.8125, 4.8125, 8.9375, 4.9375 ], "texture": "#grey" },
				"up": { "uv": [ 8.8125, 11.0625, 8.9375, 11.1875 ], "texture": "#grey" },
				"north": { "uv": [ 7.0625, 13.875, 7.1875, 14.25 ], "texture": "#grey" },
				"south": { "uv": [ 8.8125, 13.875, 8.9375, 14.25 ], "texture": "#grey" },
				"west": { "uv": [ 11.0625, 13.875, 11.1875, 14.25 ], "texture": "#grey" },
				"east": { "uv": [ 4.8125, 13.875, 4.9375, 14.25 ], "texture": "#grey" }
			}
		},
		{
			"__comment": "Box1",
			"from": [ 9.349999, 1.8, 13.4 ],
			"to": [ 9.799999, 2.475, 13.85 ],
			"faces": {
				"down": { "uv": [ 8.75, 4.75, 9, 5 ], "texture": "#grey" },
				"up": { "uv": [ 8.75, 11, 9, 11.25 ], "texture": "#grey" },
				"north": { "uv": [ 7, 14.25, 7.25, 14.625 ], "texture": "#grey" },
				"south": { "uv": [ 8.75, 14.25, 9, 14.625 ], "texture": "#grey" },
				"west": { "uv": [ 11, 14.25, 11.25, 14.625 ], "texture": "#grey" },
				"east": { "uv": [ 4.75, 14.25, 5, 14.625 ], "texture": "#grey" }
			}
		},
		{
			"__comment": "Box1",
			"from": [ 10.7, 1.8, 13.4 ],
			"to": [ 11.15, 2.475, 13.85 ],
			"faces": {
				"down": { "uv": [ 9.5, 4.75, 9.75, 5 ], "texture": "#grey" },
				"up": { "uv": [ 9.5, 11, 9.75, 11.25 ], "texture": "#grey" },
				"north": { "uv": [ 6.25, 14.25, 6.5, 14.625 ], "texture": "#grey" },
				"south": { "uv": [ 9.5, 14.25, 9.75, 14.625 ], "texture": "#grey" },
				"west": { "uv": [ 11, 14.25, 11.25, 14.625 ], "texture": "#grey" },
				"east": { "uv": [ 4.75, 14.25, 5, 14.625 ], "texture": "#grey" }
			}
		},
		{
			"__comment": "Box1",
			"from": [ 6.875, 1.8, 13.4 ],
			"to": [ 7.325, 2.475, 13.85 ],
			"faces": {
				"down": { "uv": [ 7.375, 4.75, 7.625, 5 ], "texture": "#grey" },
				"up": { "uv": [ 7.375, 11, 7.625, 11.25 ], "texture": "#grey" },
				"north": { "uv": [ 8.375, 14.25, 8.625, 14.625 ], "texture": "#grey" },
				"south": { "uv": [ 7.375, 14.25, 7.625, 14.625 ], "texture": "#grey" },
				"west": { "uv": [ 11, 14.25, 11.25, 14.625 ], "texture": "#grey" },
				"east": { "uv": [ 4.75, 14.25, 5, 14.625 ], "texture": "#grey" }
			}
		},
		{
			"__comment": "Box1",
			"from": [ 6.9875, 2.475, 13.5125 ],
			"to": [ 7.2125, 3.15, 13.7375 ],
			"faces": {
				"down": { "uv": [ 7.4375, 4.8125, 7.5625, 4.9375 ], "texture": "#grey" },
				"up": { "uv": [ 7.4375, 11.0625, 7.5625, 11.1875 ], "texture": "#grey" },
				"north": { "uv": [ 8.4375, 13.875, 8.5625, 14.25 ], "texture": "#grey" },
				"south": { "uv": [ 7.4375, 13.875, 7.5625, 14.25 ], "texture": "#grey" },
				"west": { "uv": [ 11.0625, 13.875, 11.1875, 14.25 ], "texture": "#grey" },
				"east": { "uv": [ 4.8125, 13.875, 4.9375, 14.25 ], "texture": "#grey" }
			}
		},
		{
			"__comment": "Box1",
			"from": [ 13.5125, 2.475, 13.5125 ],
			"to": [ 13.7375, 3.15, 13.7375 ],
			"faces": {
				"down": { "uv": [ 11.0625, 4.8125, 11.1875, 4.9375 ], "texture": "#grey" },
				"up": { "uv": [ 11.0625, 11.0625, 11.1875, 11.1875 ], "texture": "#grey" },
				"north": { "uv": [ 4.8125, 13.875, 4.9375, 14.25 ], "texture": "#grey" },
				"south": { "uv": [ 11.0625, 13.875, 11.1875, 14.25 ], "texture": "#grey" },
				"west": { "uv": [ 11.0625, 13.875, 11.1875, 14.25 ], "texture": "#grey" },
				"east": { "uv": [ 4.8125, 13.875, 4.9375, 14.25 ], "texture": "#grey" }
			}
		},
		{
			"__comment": "Box1",
			"from": [ 13.4, 1.8, 13.4 ],
			"to": [ 13.85, 2.475, 13.85 ],
			"faces": {
				"down": { "uv": [ 11, 4.75, 11.25, 5 ], "texture": "#grey" },
				"up": { "uv": [ 11, 11, 11.25, 11.25 ], "texture": "#grey" },
				"north": { "uv": [ 4.75, 14.25, 5, 14.625 ], "texture": "#grey" },
				"south": { "uv": [ 11, 14.25, 11.25, 14.625 ], "texture": "#grey" },
				"west": { "uv": [ 11, 14.25, 11.25, 14.625 ], "texture": "#grey" },
				"east": { "uv": [ 4.75, 14.25, 5, 14.625 ], "texture": "#grey" }
			}
		},
		{
			"__comment": "Box1",
			"from": [ 12.05, 1.8, 13.4 ],
			"to": [ 12.5, 2.475, 13.85 ],
			"faces": {
				"down": { "uv": [ 10.25, 4.75, 10.5, 5 ], "texture": "#grey" },
				"up": { "uv": [ 10.25, 11, 10.5, 11.25 ], "texture": "#grey" },
				"north": { "uv": [ 5.5, 14.25, 5.75, 14.625 ], "texture": "#grey" },
				"south": { "uv": [ 10.25, 14.25, 10.5, 14.625 ], "texture": "#grey" },
				"west": { "uv": [ 11, 14.25, 11.25, 14.625 ], "texture": "#grey" },
				"east": { "uv": [ 4.75, 14.25, 5, 14.625 ], "texture": "#grey" }
			}
		},
		{
			"__comment": "Box1",
			"from": [ 12.1625, 2.475, 13.5125 ],
			"to": [ 12.3875, 3.15, 13.7375 ],
			"faces": {
				"down": { "uv": [ 10.3125, 4.8125, 10.4375, 4.9375 ], "texture": "#grey" },
				"up": { "uv": [ 10.3125, 11.0625, 10.4375, 11.1875 ], "texture": "#grey" },
				"north": { "uv": [ 5.5625, 13.875, 5.6875, 14.25 ], "texture": "#grey" },
				"south": { "uv": [ 10.3125, 13.875, 10.4375, 14.25 ], "texture": "#grey" },
				"west": { "uv": [ 11.0625, 13.875, 11.1875, 14.25 ], "texture": "#grey" },
				"east": { "uv": [ 4.8125, 13.875, 4.9375, 14.25 ], "texture": "#grey" }
			}
		},
		{
			"__comment": "Box1",
			"from": [ 13.5125, 2.475, 9.4625 ],
			"to": [ 13.7375, 3.15, 9.6875 ],
			"faces": {
				"down": { "uv": [ 11.0625, 7.0625, 11.1875, 7.1875 ], "texture": "#grey" },
				"up": { "uv": [ 11.0625, 8.8125, 11.1875, 8.9375 ], "texture": "#grey" },
				"north": { "uv": [ 4.8125, 13.875, 4.9375, 14.25 ], "texture": "#grey" },
				"south": { "uv": [ 11.0625, 13.875, 11.1875, 14.25 ], "texture": "#grey" },
				"west": { "uv": [ 8.8125, 13.875, 8.9375, 14.25 ], "texture": "#grey" },
				"east": { "uv": [ 7.0625, 13.875, 7.1875, 14.25 ], "texture": "#grey" }
			}
		},
		{
			"__comment": "Box1",
			"from": [ 13.5125, 2.475, 10.8125 ],
			"to": [ 13.7375, 3.15, 11.0375 ],
			"faces": {
				"down": { "uv": [ 11.0625, 6.3125, 11.1875, 6.4375 ], "texture": "#grey" },
				"up": { "uv": [ 11.0625, 9.5625, 11.1875, 9.6875 ], "texture": "#grey" },
				"north": { "uv": [ 4.8125, 13.875, 4.9375, 14.25 ], "texture": "#grey" },
				"south": { "uv": [ 11.0625, 13.875, 11.1875, 14.25 ], "texture": "#grey" },
				"west": { "uv": [ 9.5625, 13.875, 9.6875, 14.25 ], "texture": "#grey" },
				"east": { "uv": [ 6.3125, 13.875, 6.4375, 14.25 ], "texture": "#grey" }
			}
		},
		{
			"__comment": "Box1",
			"from": [ 13.5125, 2.475, 12.1625 ],
			"to": [ 13.7375, 3.15, 12.3875 ],
			"faces": {
				"down": { "uv": [ 11.0625, 5.5625, 11.1875, 5.6875 ], "texture": "#grey" },
				"up": { "uv": [ 11.0625, 10.3125, 11.1875, 10.4375 ], "texture": "#grey" },
				"north": { "uv": [ 4.8125, 13.875, 4.9375, 14.25 ], "texture": "#grey" },
				"south": { "uv": [ 11.0625, 13.875, 11.1875, 14.25 ], "texture": "#grey" },
				"west": { "uv": [ 10.3125, 13.875, 10.4375, 14.25 ], "texture": "#grey" },
				"east": { "uv": [ 5.5625, 13.875, 5.6875, 14.25 ], "texture": "#grey" }
			}
		},
		{
			"__comment": "Box1",
			"from": [ 13.4, 1.8, 9.349999 ],
			"to": [ 13.85, 2.475, 9.799999 ],
			"faces": {
				"down": { "uv": [ 11, 7, 11.25, 7.25 ], "texture": "#grey" },
				"up": { "uv": [ 11, 8.75, 11.25, 9 ], "texture": "#grey" },
				"north": { "uv": [ 4.75, 14.25, 5, 14.625 ], "texture": "#grey" },
				"south": { "uv": [ 11, 14.25, 11.25, 14.625 ], "texture": "#grey" },
				"west": { "uv": [ 8.75, 14.25, 9, 14.625 ], "texture": "#grey" },
				"east": { "uv": [ 7, 14.25, 7.25, 14.625 ], "texture": "#grey" }
			}
		},
		{
			"__comment": "Box1",
			"from": [ 13.4, 1.8, 10.7 ],
			"to": [ 13.85, 2.475, 11.15 ],
			"faces": {
				"down": { "uv": [ 11, 6.25, 11.25, 6.5 ], "texture": "#grey" },
				"up": { "uv": [ 11, 9.5, 11.25, 9.75 ], "texture": "#grey" },
				"north": { "uv": [ 4.75, 14.25, 5, 14.625 ], "texture": "#grey" },
				"south": { "uv": [ 11, 14.25, 11.25, 14.625 ], "texture": "#grey" },
				"west": { "uv": [ 9.5, 14.25, 9.75, 14.625 ], "texture": "#grey" },
				"east": { "uv": [ 6.25, 14.25, 6.5, 14.625 ], "texture": "#grey" }
			}
		},
		{
			"__comment": "Box1",
			"from": [ 13.4, 1.8, 12.05 ],
			"to": [ 13.85, 2.475, 12.5 ],
			"faces": {
				"down": { "uv": [ 11, 5.5, 11.25, 5.75 ], "texture": "#grey" },
				"up": { "uv": [ 11, 10.25, 11.25, 10.5 ], "texture": "#grey" },
				"north": { "uv": [ 4.75, 14.25, 5, 14.625 ], "texture": "#grey" },
				"south": { "uv": [ 11, 14.25, 11.25, 14.625 ], "texture": "#grey" },
				"west": { "uv": [ 10.25, 14.25, 10.5, 14.625 ], "texture": "#grey" },
				"east": { "uv": [ 5.5, 14.25, 5.75, 14.625 ], "texture": "#grey" }
			}
		},
		{
			"__comment": "Box1",
			"from": [ 13.5125, 2.475, 2.9375 ],
			"to": [ 13.7375, 3.15, 3.1625 ],
			"faces": {
				"down": { "uv": [ 11.0625, 10.6875, 11.1875, 10.8125 ], "texture": "#grey" },
				"up": { "uv": [ 11.0625, 5.1875, 11.1875, 5.3125 ], "texture": "#grey" },
				"north": { "uv": [ 4.8125, 14.25, 4.9375, 14.625 ], "texture": "#grey" },
				"south": { "uv": [ 11.0625, 14.25, 11.1875, 14.625 ], "texture": "#grey" },
				"west": { "uv": [ 5.1875, 14.25, 5.3125, 14.625 ], "texture": "#grey" },
				"east": { "uv": [ 10.6875, 14.25, 10.8125, 14.625 ], "texture": "#grey" }
			}
		},
		{
			"__comment": "Box1",
			"from": [ 2.2625, 2.475, 3.6125 ],
			"to": [ 2.4875, 3.15, 3.8375 ],
			"faces": {
				"down": { "uv": [ 4.8125, 10.3125, 4.9375, 10.4375 ], "texture": "#grey" },
				"up": { "uv": [ 4.8125, 5.5625, 4.9375, 5.6875 ], "texture": "#grey" },
				"north": { "uv": [ 11.0625, 14.25, 11.1875, 14.625 ], "texture": "#grey" },
				"south": { "uv": [ 4.8125, 14.25, 4.9375, 14.625 ], "texture": "#grey" },
				"west": { "uv": [ 5.5625, 14.25, 5.6875, 14.625 ], "texture": "#grey" },
				"east": { "uv": [ 10.3125, 14.25, 10.4375, 14.625 ], "texture": "#grey" }
			}
		},
		{
			"__comment": "Box1",
			"from": [ 2.15, 1.8, 3.5 ],
			"to": [ 2.6, 2.475, 3.95 ],
			"faces": {
				"down": { "uv": [ 4.75, 10.25, 5, 10.5 ], "texture": "#grey" },
				"up": { "uv": [ 4.75, 5.5, 5, 5.75 ], "texture": "#grey" },
				"north": { "uv": [ 11, 14.625, 11.25, 15 ], "texture": "#grey" },
				"south": { "uv": [ 4.75, 14.625, 5, 15 ], "texture": "#grey" },
				"west": { "uv": [ 5.5, 14.625, 5.75, 15 ], "texture": "#grey" },
				"east": { "uv": [ 10.25, 14.625, 10.5, 15 ], "texture": "#grey" }
			}
		},
		{
			"__comment": "Box1",
			"from": [ 13.4, 1.8, 2.825 ],
			"to": [ 13.85, 2.475, 3.275 ],
			"faces": {
				"down": { "uv": [ 11, 10.625, 11.25, 10.875 ], "texture": "#grey" },
				"up": { "uv": [ 11, 5.125, 11.25, 5.375 ], "texture": "#grey" },
				"north": { "uv": [ 4.75, 14.625, 5, 15 ], "texture": "#grey" },
				"south": { "uv": [ 11, 14.625, 11.25, 15 ], "texture": "#grey" },
				"west": { "uv": [ 5.125, 14.625, 5.375, 15 ], "texture": "#grey" },
				"east": { "uv": [ 10.625, 14.625, 10.875, 15 ], "texture": "#grey" }
			}
		},
		{
			"__comment": "Box1",
			"from": [ 13.5125, 2.475, 4.2875 ],
			"to": [ 13.7375, 3.15, 4.5125 ],
			"faces": {
				"down": { "uv": [ 11.0625, 9.9375, 11.1875, 10.0625 ], "texture": "#grey" },
				"up": { "uv": [ 11.0625, 5.9375, 11.1875, 6.0625 ], "texture": "#grey" },
				"north": { "uv": [ 4.8125, 14.25, 4.9375, 14.625 ], "texture": "#grey" },
				"south": { "uv": [ 11.0625, 14.25, 11.1875, 14.625 ], "texture": "#grey" },
				"west": { "uv": [ 5.9375, 14.25, 6.0625, 14.625 ], "texture": "#grey" },
				"east": { "uv": [ 9.9375, 14.25, 10.0625, 14.625 ], "texture": "#grey" }
			}
		},
		{
			"__comment": "Box1",
			"from": [ 13.4, 1.8, 4.175 ],
			"to": [ 13.85, 2.475, 4.625 ],
			"faces": {
				"down": { "uv": [ 11, 9.875, 11.25, 10.125 ], "texture": "#grey" },
				"up": { "uv": [ 11, 5.875, 11.25, 6.125 ], "texture": "#grey" },
				"north": { "uv": [ 4.75, 14.625, 5, 15 ], "texture": "#grey" },
				"south": { "uv": [ 11, 14.625, 11.25, 15 ], "texture": "#grey" },
				"west": { "uv": [ 5.875, 14.625, 6.125, 15 ], "texture": "#grey" },
				"east": { "uv": [ 9.875, 14.625, 10.125, 15 ], "texture": "#grey" }
			}
		},
		{
			"__comment": "Box1",
			"from": [ 2.15, 1.8, 4.85 ],
			"to": [ 2.6, 2.475, 5.3 ],
			"faces": {
				"down": { "uv": [ 4.75, 9.5, 5, 9.75 ], "texture": "#grey" },
				"up": { "uv": [ 4.75, 6.25, 5, 6.5 ], "texture": "#grey" },
				"north": { "uv": [ 11, 14.625, 11.25, 15 ], "texture": "#grey" },
				"south": { "uv": [ 4.75, 14.625, 5, 15 ], "texture": "#grey" },
				"west": { "uv": [ 6.25, 14.625, 6.5, 15 ], "texture": "#grey" },
				"east": { "uv": [ 9.5, 14.625, 9.75, 15 ], "texture": "#grey" }
			}
		},
		{
			"__comment": "Box1",
			"from": [ 2.2625, 2.475, 4.9625 ],
			"to": [ 2.4875, 3.15, 5.1875 ],
			"faces": {
				"down": { "uv": [ 4.8125, 9.5625, 4.9375, 9.6875 ], "texture": "#grey" },
				"up": { "uv": [ 4.8125, 6.3125, 4.9375, 6.4375 ], "texture": "#grey" },
				"north": { "uv": [ 11.0625, 14.25, 11.1875, 14.625 ], "texture": "#grey" },
				"south": { "uv": [ 4.8125, 14.25, 4.9375, 14.625 ], "texture": "#grey" },
				"west": { "uv": [ 6.3125, 14.25, 6.4375, 14.625 ], "texture": "#grey" },
				"east": { "uv": [ 9.5625, 14.25, 9.6875, 14.625 ], "texture": "#grey" }
			}
		},
		{
			"__comment": "Box1",
			"from": [ 13.5125, 2.475, 5.6375 ],
			"to": [ 13.7375, 3.15, 5.8625 ],
			"faces": {
				"down": { "uv": [ 11.0625, 9.1875, 11.1875, 9.3125 ], "texture": "#grey" },
				"up": { "uv": [ 11.0625, 6.6875, 11.1875, 6.8125 ], "texture": "#grey" },
				"north": { "uv": [ 4.8125, 14.25, 4.9375, 14.625 ], "texture": "#grey" },
				"south": { "uv": [ 11.0625, 14.25, 11.1875, 14.625 ], "texture": "#grey" },
				"west": { "uv": [ 6.6875, 14.25, 6.8125, 14.625 ], "texture": "#grey" },
				"east": { "uv": [ 9.1875, 14.25, 9.3125, 14.625 ], "texture": "#grey" }
			}
		},
		{
			"__comment": "Box1",
			"from": [ 13.4, 1.8, 5.525 ],
			"to": [ 13.85, 2.475, 5.975 ],
			"faces": {
				"down": { "uv": [ 11, 9.125, 11.25, 9.375 ], "texture": "#grey" },
				"up": { "uv": [ 11, 6.625, 11.25, 6.875 ], "texture": "#grey" },
				"north": { "uv": [ 4.75, 14.625, 5, 15 ], "texture": "#grey" },
				"south": { "uv": [ 11, 14.625, 11.25, 15 ], "texture": "#grey" },
				"west": { "uv": [ 6.625, 14.625, 6.875, 15 ], "texture": "#grey" },
				"east": { "uv": [ 9.125, 14.625, 9.375, 15 ], "texture": "#grey" }
			}
		},
		{
			"__comment": "Box1",
			"from": [ 2.15, 1.8, 6.2 ],
			"to": [ 2.6, 2.475, 6.65 ],
			"faces": {
				"down": { "uv": [ 4.75, 8.75, 5, 9 ], "texture": "#grey" },
				"up": { "uv": [ 4.75, 7, 5, 7.25 ], "texture": "#grey" },
				"north": { "uv": [ 11, 14.625, 11.25, 15 ], "texture": "#grey" },
				"south": { "uv": [ 4.75, 14.625, 5, 15 ], "texture": "#grey" },
				"west": { "uv": [ 7, 14.625, 7.25, 15 ], "texture": "#grey" },
				"east": { "uv": [ 8.75, 14.625, 9, 15 ], "texture": "#grey" }
			}
		},
		{
			"__comment": "Box1",
			"from": [ 2.2625, 2.475, 6.3125 ],
			"to": [ 2.4875, 3.15, 6.5375 ],
			"faces": {
				"down": { "uv": [ 4.8125, 8.8125, 4.9375, 8.9375 ], "texture": "#grey" },
				"up": { "uv": [ 4.8125, 7.0625, 4.9375, 7.1875 ], "texture": "#grey" },
				"north": { "uv": [ 11.0625, 14.25, 11.1875, 14.625 ], "texture": "#grey" },
				"south": { "uv": [ 4.8125, 14.25, 4.9375, 14.625 ], "texture": "#grey" },
				"west": { "uv": [ 7.0625, 14.25, 7.1875, 14.625 ], "texture": "#grey" },
				"east": { "uv": [ 8.8125, 14.25, 8.9375, 14.625 ], "texture": "#grey" }
			}
		},
		{
			"__comment": "Box1",
			"from": [ 13.4, 1.8, 6.875 ],
			"to": [ 13.85, 2.475, 7.325 ],
			"faces": {
				"down": { "uv": [ 11, 8.375, 11.25, 8.625 ], "texture": "#grey" },
				"up": { "uv": [ 11, 7.375, 11.25, 7.625 ], "texture": "#grey" },
				"north": { "uv": [ 4.75, 14.625, 5, 15 ], "texture": "#grey" },
				"south": { "uv": [ 11, 14.625, 11.25, 15 ], "texture": "#grey" },
				"west": { "uv": [ 7.375, 14.625, 7.625, 15 ], "texture": "#grey" },
				"east": { "uv": [ 8.375, 14.625, 8.625, 15 ], "texture": "#grey" }
			}
		},
		{
			"__comment": "Box1",
			"from": [ 13.5125, 2.475, 6.9875 ],
			"to": [ 13.7375, 3.15, 7.2125 ],
			"faces": {
				"down": { "uv": [ 11.0625, 8.4375, 11.1875, 8.5625 ], "texture": "#grey" },
				"up": { "uv": [ 11.0625, 7.4375, 11.1875, 7.5625 ], "texture": "#grey" },
				"north": { "uv": [ 4.8125, 14.25, 4.9375, 14.625 ], "texture": "#grey" },
				"south": { "uv": [ 11.0625, 14.25, 11.1875, 14.625 ], "texture": "#grey" },
				"west": { "uv": [ 7.4375, 14.25, 7.5625, 14.625 ], "texture": "#grey" },
				"east": { "uv": [ 8.4375, 14.25, 8.5625, 14.625 ], "texture": "#grey" }
			}
		},
		{
			"__comment": "Box1",
			"from": [ 2.15, 1.8, 2.15 ],
			"to": [ 2.6, 2.475, 2.6 ],
			"faces": {
				"down": { "uv": [ 4.75, 11, 5, 11.25 ], "texture": "#grey" },
				"up": { "uv": [ 4.75, 4.75, 5, 5 ], "texture": "#grey" },
				"north": { "uv": [ 11, 14.625, 11.25, 15 ], "texture": "#grey" },
				"south": { "uv": [ 4.75, 14.625, 5, 15 ], "texture": "#grey" },
				"west": { "uv": [ 4.75, 14.625, 5, 15 ], "texture": "#grey" },
				"east": { "uv": [ 11, 14.625, 11.25, 15 ], "texture": "#grey" }
			}
		},
		{
			"__comment": "Box1",
			"from": [ 2.2625, 2.475, 2.2625 ],
			"to": [ 2.4875, 3.15, 2.4875 ],
			"faces": {
				"down": { "uv": [ 4.8125, 11.0625, 4.9375, 11.1875 ], "texture": "#grey" },
				"up": { "uv": [ 4.8125, 4.8125, 4.9375, 4.9375 ], "texture": "#grey" },
				"north": { "uv": [ 11.0625, 14.25, 11.1875, 14.625 ], "texture": "#grey" },
				"south": { "uv": [ 4.8125, 14.25, 4.9375, 14.625 ], "texture": "#grey" },
				"west": { "uv": [ 4.8125, 14.25, 4.9375, 14.625 ], "texture": "#grey" },
				"east": { "uv": [ 11.0625, 14.25, 11.1875, 14.625 ], "texture": "#grey" }
			}
		},
		{
			"__comment": "Box1",
			"from": [ 3.5, 1.8, 2.15 ],
			"to": [ 3.95, 2.475, 2.6 ],
			"faces": {
				"down": { "uv": [ 5.5, 11, 5.75, 11.25 ], "texture": "#grey" },
				"up": { "uv": [ 5.5, 4.75, 5.75, 5 ], "texture": "#grey" },
				"north": { "uv": [ 10.25, 14.625, 10.5, 15 ], "texture": "#grey" },
				"south": { "uv": [ 5.5, 14.625, 5.75, 15 ], "texture": "#grey" },
				"west": { "uv": [ 4.75, 14.625, 5, 15 ], "texture": "#grey" },
				"east": { "uv": [ 11, 14.625, 11.25, 15 ], "texture": "#grey" }
			}
		},
		{
			"__comment": "Box1",
			"from": [ 3.6125, 2.475, 2.2625 ],
			"to": [ 3.8375, 3.15, 2.4875 ],
			"faces": {
				"down": { "uv": [ 5.5625, 11.0625, 5.6875, 11.1875 ], "texture": "#grey" },
				"up": { "uv": [ 5.5625, 4.8125, 5.6875, 4.9375 ], "texture": "#grey" },
				"north": { "uv": [ 10.3125, 14.25, 10.4375, 14.625 ], "texture": "#grey" },
				"south": { "uv": [ 5.5625, 14.25, 5.6875, 14.625 ], "texture": "#grey" },
				"west": { "uv": [ 4.8125, 14.25, 4.9375, 14.625 ], "texture": "#grey" },
				"east": { "uv": [ 11.0625, 14.25, 11.1875, 14.625 ], "texture": "#grey" }
			}
		},
		{
			"__comment": "Box1",
			"from": [ 4.85, 1.8, 2.15 ],
			"to": [ 5.3, 2.475, 2.6 ],
			"faces": {
				"down": { "uv": [ 6.25, 11, 6.5, 11.25 ], "texture": "#grey" },
				"up": { "uv": [ 6.25, 4.75, 6.5, 5 ], "texture": "#grey" },
				"north": { "uv": [ 9.5, 14.625, 9.75, 15 ], "texture": "#grey" },
				"south": { "uv": [ 6.25, 14.625, 6.5, 15 ], "texture": "#grey" },
				"west": { "uv": [ 4.75, 14.625, 5, 15 ], "texture": "#grey" },
				"east": { "uv": [ 11, 14.625, 11.25, 15 ], "texture": "#grey" }
			}
		},
		{
			"__comment": "Box1",
			"from": [ 4.9625, 2.475, 2.2625 ],
			"to": [ 5.1875, 3.15, 2.4875 ],
			"faces": {
				"down": { "uv": [ 6.3125, 11.0625, 6.4375, 11.1875 ], "texture": "#grey" },
				"up": { "uv": [ 6.3125, 4.8125, 6.4375, 4.9375 ], "texture": "#grey" },
				"north": { "uv": [ 9.5625, 14.25, 9.6875, 14.625 ], "texture": "#grey" },
				"south": { "uv": [ 6.3125, 14.25, 6.4375, 14.625 ], "texture": "#grey" },
				"west": { "uv": [ 4.8125, 14.25, 4.9375, 14.625 ], "texture": "#grey" },
				"east": { "uv": [ 11.0625, 14.25, 11.1875, 14.625 ], "texture": "#grey" }
			}
		},
		{
			"__comment": "Box1",
			"from": [ 6.2, 1.8, 2.15 ],
			"to": [ 6.65, 2.475, 2.6 ],
			"faces": {
				"down": { "uv": [ 7, 11, 7.25, 11.25 ], "texture": "#grey" },
				"up": { "uv": [ 7, 4.75, 7.25, 5 ], "texture": "#grey" },
				"north": { "uv": [ 8.75, 14.625, 9, 15 ], "texture": "#grey" },
				"south": { "uv": [ 7, 14.625, 7.25, 15 ], "texture": "#grey" },
				"west": { "uv": [ 4.75, 14.625, 5, 15 ], "texture": "#grey" },
				"east": { "uv": [ 11, 14.625, 11.25, 15 ], "texture": "#grey" }
			}
		},
		{
			"__comment": "Box1",
			"from": [ 6.3125, 2.475, 2.2625 ],
			"to": [ 6.5375, 3.15, 2.4875 ],
			"faces": {
				"down": { "uv": [ 7.0625, 11.0625, 7.1875, 11.1875 ], "texture": "#grey" },
				"up": { "uv": [ 7.0625, 4.8125, 7.1875, 4.9375 ], "texture": "#grey" },
				"north": { "uv": [ 8.8125, 14.25, 8.9375, 14.625 ], "texture": "#grey" },
				"south": { "uv": [ 7.0625, 14.25, 7.1875, 14.625 ], "texture": "#grey" },
				"west": { "uv": [ 4.8125, 14.25, 4.9375, 14.625 ], "texture": "#grey" },
				"east": { "uv": [ 11.0625, 14.25, 11.1875, 14.625 ], "texture": "#grey" }
			}
		},
		{
			"__comment": "Box1",
			"from": [ 10.1375, 2.475, 2.2625 ],
			"to": [ 10.3625, 3.15, 2.4875 ],
			"faces": {
				"down": { "uv": [ 9.1875, 11.0625, 9.3125, 11.1875 ], "texture": "#grey" },
				"up": { "uv": [ 9.1875, 4.8125, 9.3125, 4.9375 ], "texture": "#grey" },
				"north": { "uv": [ 6.6875, 14.25, 6.8125, 14.625 ], "texture": "#grey" },
				"south": { "uv": [ 9.1875, 14.25, 9.3125, 14.625 ], "texture": "#grey" },
				"west": { "uv": [ 4.8125, 14.25, 4.9375, 14.625 ], "texture": "#grey" },
				"east": { "uv": [ 11.0625, 14.25, 11.1875, 14.625 ], "texture": "#grey" }
			}
		},
		{
			"__comment": "Box1",
			"from": [ 8.787499, 2.475, 2.2625 ],
			"to": [ 9.0125, 3.15, 2.4875 ],
			"faces": {
				"down": { "uv": [ 8.4375, 11.0625, 8.5625, 11.1875 ], "texture": "#grey" },
				"up": { "uv": [ 8.4375, 4.8125, 8.5625, 4.9375 ], "texture": "#grey" },
				"north": { "uv": [ 7.4375, 14.25, 7.5625, 14.625 ], "texture": "#grey" },
				"south": { "uv": [ 8.4375, 14.25, 8.5625, 14.625 ], "texture": "#grey" },
				"west": { "uv": [ 4.8125, 14.25, 4.9375, 14.625 ], "texture": "#grey" },
				"east": { "uv": [ 11.0625, 14.25, 11.1875, 14.625 ], "texture": "#grey" }
			}
		},
		{
			"__comment": "Box1",
			"from": [ 8.675, 1.8, 2.15 ],
			"to": [ 9.125, 2.475, 2.6 ],
			"faces": {
				"down": { "uv": [ 8.375, 11, 8.625, 11.25 ], "texture": "#grey" },
				"up": { "uv": [ 8.375, 4.75, 8.625, 5 ], "texture": "#grey" },
				"north": { "uv": [ 7.375, 14.625, 7.625, 15 ], "texture": "#grey" },
				"south": { "uv": [ 8.375, 14.625, 8.625, 15 ], "texture": "#grey" },
				"west": { "uv": [ 4.75, 14.625, 5, 15 ], "texture": "#grey" },
				"east": { "uv": [ 11, 14.625, 11.25, 15 ], "texture": "#grey" }
			}
		},
		{
			"__comment": "Box1",
			"from": [ 10.025, 1.8, 2.15 ],
			"to": [ 10.475, 2.475, 2.6 ],
			"faces": {
				"down": { "uv": [ 9.125, 11, 9.375, 11.25 ], "texture": "#grey" },
				"up": { "uv": [ 9.125, 4.75, 9.375, 5 ], "texture": "#grey" },
				"north": { "uv": [ 6.625, 14.625, 6.875, 15 ], "texture": "#grey" },
				"south": { "uv": [ 9.125, 14.625, 9.375, 15 ], "texture": "#grey" },
				"west": { "uv": [ 4.75, 14.625, 5, 15 ], "texture": "#grey" },
				"east": { "uv": [ 11, 14.625, 11.25, 15 ], "texture": "#grey" }
			}
		},
		{
			"__comment": "Box1",
			"from": [ 12.8375, 2.475, 2.2625 ],
			"to": [ 13.0625, 3.15, 2.4875 ],
			"faces": {
				"down": { "uv": [ 10.6875, 11.0625, 10.8125, 11.1875 ], "texture": "#grey" },
				"up": { "uv": [ 10.6875, 4.8125, 10.8125, 4.9375 ], "texture": "#grey" },
				"north": { "uv": [ 5.1875, 14.25, 5.3125, 14.625 ], "texture": "#grey" },
				"south": { "uv": [ 10.6875, 14.25, 10.8125, 14.625 ], "texture": "#grey" },
				"west": { "uv": [ 4.8125, 14.25, 4.9375, 14.625 ], "texture": "#grey" },
				"east": { "uv": [ 11.0625, 14.25, 11.1875, 14.625 ], "texture": "#grey" }
			}
		},
		{
			"__comment": "Box1",
			"from": [ 12.725, 1.8, 2.15 ],
			"to": [ 13.175, 2.475, 2.6 ],
			"faces": {
				"down": { "uv": [ 10.625, 11, 10.875, 11.25 ], "texture": "#grey" },
				"up": { "uv": [ 10.625, 4.75, 10.875, 5 ], "texture": "#grey" },
				"north": { "uv": [ 5.125, 14.625, 5.375, 15 ], "texture": "#grey" },
				"south": { "uv": [ 10.625, 14.625, 10.875, 15 ], "texture": "#grey" },
				"west": { "uv": [ 4.75, 14.625, 5, 15 ], "texture": "#grey" },
				"east": { "uv": [ 11, 14.625, 11.25, 15 ], "texture": "#grey" }
			}
		},
		{
			"__comment": "Box1",
			"from": [ 11.375, 1.8, 2.15 ],
			"to": [ 11.825, 2.475, 2.6 ],
			"faces": {
				"down": { "uv": [ 9.875, 11, 10.125, 11.25 ], "texture": "#grey" },
				"up": { "uv": [ 9.875, 4.75, 10.125, 5 ], "texture": "#grey" },
				"north": { "uv": [ 5.875, 14.625, 6.125, 15 ], "texture": "#grey" },
				"south": { "uv": [ 9.875, 14.625, 10.125, 15 ], "texture": "#grey" },
				"west": { "uv": [ 4.75, 14.625, 5, 15 ], "texture": "#grey" },
				"east": { "uv": [ 11, 14.625, 11.25, 15 ], "texture": "#grey" }
			}
		},
		{
			"__comment": "Box1",
			"from": [ 11.4875, 2.475, 2.2625 ],
			"to": [ 11.7125, 3.15, 2.4875 ],
			"faces": {
				"down": { "uv": [ 9.9375, 11.0625, 10.0625, 11.1875 ], "texture": "#grey" },
				"up": { "uv": [ 9.9375, 4.8125, 10.0625, 4.9375 ], "texture": "#grey" },
				"north": { "uv": [ 5.9375, 14.25, 6.0625, 14.625 ], "texture": "#grey" },
				"south": { "uv": [ 9.9375, 14.25, 10.0625, 14.625 ], "texture": "#grey" },
				"west": { "uv": [ 4.8125, 14.25, 4.9375, 14.625 ], "texture": "#grey" },
				"east": { "uv": [ 11.0625, 14.25, 11.1875, 14.625 ], "texture": "#grey" }
			}
		},
		{
			"__comment": "Box1",
			"from": [ 7.6625, 2.475, 2.2625 ],
			"to": [ 7.8875, 3.15, 2.4875 ],
			"faces": {
				"down": { "uv": [ 7.8125, 11.0625, 7.9375, 11.1875 ], "texture": "#grey" },
				"up": { "uv": [ 7.8125, 4.8125, 7.9375, 4.9375 ], "texture": "#grey" },
				"north": { "uv": [ 8.0625, 14.25, 8.1875, 14.625 ], "texture": "#grey" },
				"south": { "uv": [ 7.8125, 14.25, 7.9375, 14.625 ], "texture": "#grey" },
				"west": { "uv": [ 4.8125, 14.25, 4.9375, 14.625 ], "texture": "#grey" },
				"east": { "uv": [ 11.0625, 14.25, 11.1875, 14.625 ], "texture": "#grey" }
			}
		},
		{
			"__comment": "Box1",
			"from": [ 7.55, 1.8, 2.15 ],
			"to": [ 8, 2.475, 2.6 ],
			"faces": {
				"down": { "uv": [ 7.75, 11, 8, 11.25 ], "texture": "#grey" },
				"up": { "uv": [ 7.75, 4.75, 8, 5 ], "texture": "#grey" },
				"north": { "uv": [ 8, 14.625, 8.25, 15 ], "texture": "#grey" },
				"south": { "uv": [ 7.75, 14.625, 8, 15 ], "texture": "#grey" },
				"west": { "uv": [ 4.75, 14.625, 5, 15 ], "texture": "#grey" },
				"east": { "uv": [ 11, 14.625, 11.25, 15 ], "texture": "#grey" }
			}
		},
		{
			"__comment": "Box1",
			"from": [ 8.3375, 2.475, 13.5125 ],
			"to": [ 8.5625, 3.15, 13.7375 ],
			"faces": {
				"down": { "uv": [ 8.1875, 4.8125, 8.3125, 4.9375 ], "texture": "#grey" },
				"up": { "uv": [ 8.1875, 11.0625, 8.3125, 11.1875 ], "texture": "#grey" },
				"north": { "uv": [ 7.6875, 13.875, 7.8125, 14.25 ], "texture": "#grey" },
				"south": { "uv": [ 8.1875, 13.875, 8.3125, 14.25 ], "texture": "#grey" },
				"west": { "uv": [ 11.0625, 13.875, 11.1875, 14.25 ], "texture": "#grey" },
				"east": { "uv": [ 4.8125, 13.875, 4.9375, 14.25 ], "texture": "#grey" }
			}
		},
		{
			"__comment": "Box1",
			"from": [ 8.224999, 1.8, 13.4 ],
			"to": [ 8.674999, 2.475, 13.85 ],
			"faces": {
				"down": { "uv": [ 8.125, 4.75, 8.375, 5 ], "texture": "#grey" },
				"up": { "uv": [ 8.125, 11, 8.375, 11.25 ], "texture": "#grey" },
				"north": { "uv": [ 7.625, 14.25, 7.875, 14.625 ], "texture": "#grey" },
				"south": { "uv": [ 8.125, 14.25, 8.375, 14.625 ], "texture": "#grey" },
				"west": { "uv": [ 11, 14.25, 11.25, 14.625 ], "texture": "#grey" },
				"east": { "uv": [ 4.75, 14.25, 5, 14.625 ], "texture": "#grey" }
			}
		},
		{
			"__comment": "Box1",
			"from": [ 1.7, 0.9, 7.55 ],
			"to": [ 3.05, 1.35, 8 ],
			"faces": {
				"down": { "uv": [ 4.5, 8, 5.25, 8.25 ], "texture": "#anvil" },
				"up": { "uv": [ 4.5, 7.75, 5.25, 8 ], "texture": "#anvil" },
				"north": { "uv": [ 10.75, 15.25, 11.5, 15.5 ], "texture": "#anvil" },
				"south": { "uv": [ 4.5, 15.25, 5.25, 15.5 ], "texture": "#anvil" },
				"west": { "uv": [ 7.75, 15.25, 8, 15.5 ], "texture": "#anvil" },
				"east": { "uv": [ 8, 15.25, 8.25, 15.5 ], "texture": "#anvil" }
			}
		},
		{
			"__comment": "Box1",
			"from": [ 1.7, 0.9659, 7.2045 ],
			"to": [ 3.05, 1.4159, 7.84089 ],
			"rotation": { "origin": [ 1.7, 1.125, 8 ], "axis": "x", "angle": -45 },
			"faces": {
				"down": { "uv": [ 4.5, 7.89645, 5.25, 8.25 ], "texture": "#anvil" },
				"up": { "uv": [ 4.5, 7.75, 5.25, 8.10355 ], "texture": "#anvil" },
				"north": { "uv": [ 10.75, 15.5, 11.5, 15.75 ], "texture": "#anvil" },
				"south": { "uv": [ 4.5, 15.5, 5.25, 15.75 ], "texture": "#anvil" },
				"west": { "uv": [ 7.75, 15.5, 8.10355, 15.75 ], "texture": "#anvil" },
				"east": { "uv": [ 7.89645, 15.5, 8.25, 15.75 ], "texture": "#anvil" }
			}
		},
		{
			"__comment": "Box1",
			"from": [ 1.7, 0.8341, 7.2045 ],
			"to": [ 3.05, 1.2841, 7.84089 ],
			"rotation": { "origin": [ 1.7, 1.125, 8 ], "axis": "x", "angle": 45 },
			"faces": {
				"down": { "uv": [ 4.5, 8.073224, 5.25, 8.426774 ], "texture": "#anvil" },
				"up": { "uv": [ 4.5, 7.573226, 5.25, 7.926776 ], "texture": "#anvil" },
				"north": { "uv": [ 10.75, 14.92678, 11.5, 15.17678 ], "texture": "#anvil" },
				"south": { "uv": [ 4.5, 14.92678, 5.25, 15.17678 ], "texture": "#anvil" },
				"west": { "uv": [ 7.573226, 14.92678, 7.926776, 15.17678 ], "texture": "#anvil" },
				"east": { "uv": [ 8.073224, 14.92678, 8.426774, 15.17678 ], "texture": "#anvil" }
			}
		},
		{
			"__comment": "Box1",
			"from": [ 1.7, 0.9659, 8.1591 ],
			"to": [ 3.05, 1.4159, 8.795489 ],
			"rotation": { "origin": [ 1.7, 1.125, 8 ], "axis": "x", "angle": 45 },
			"faces": {
				"down": { "uv": [ 4.5, 7.646451, 5.25, 8.000002 ], "texture": "#anvil" },
				"up": { "uv": [ 4.5, 7.999998, 5.25, 8.353548 ], "texture": "#anvil" },
				"north": { "uv": [ 10.75, 15.25, 11.5, 15.5 ], "texture": "#anvil" },
				"south": { "uv": [ 4.5, 15.25, 5.25, 15.5 ], "texture": "#anvil" },
				"west": { "uv": [ 7.999999, 15.25, 8.353549, 15.5 ], "texture": "#anvil" },
				"east": { "uv": [ 7.646451, 15.25, 8.000002, 15.5 ], "texture": "#anvil" }
			}
		},
		{
			"__comment": "Box1",
			"from": [ 1.7, 0.9, 8 ],
			"to": [ 3.05, 1.35, 8.45 ],
			"faces": {
				"down": { "uv": [ 4.5, 7.75, 5.25, 8 ], "texture": "#anvil" },
				"up": { "uv": [ 4.5, 8, 5.25, 8.25 ], "texture": "#anvil" },
				"north": { "uv": [ 10.75, 14.875, 11.5, 15.125 ], "texture": "#anvil" },
				"south": { "uv": [ 4.5, 14.875, 5.25, 15.125 ], "texture": "#anvil" },
				"west": { "uv": [ 8, 14.875, 8.25, 15.125 ], "texture": "#anvil" },
				"east": { "uv": [ 7.75, 14.875, 8, 15.125 ], "texture": "#anvil" }
			}
		},
		{
			"__comment": "Box1",
			"from": [ 1.7, 1.2841, 7.8409 ],
			"to": [ 3.05, 1.92049, 8.2909 ],
			"rotation": { "origin": [ 1.7, 1.125, 8 ], "axis": "x", "angle": 45 },
			"faces": {
				"down": { "uv": [ 4.5, 7.749998, 5.25, 7.999998 ], "texture": "#anvil" },
				"up": { "uv": [ 4.5, 8.000002, 5.25, 8.250002 ], "texture": "#anvil" },
				"north": { "uv": [ 10.75, 14.52145, 11.5, 14.875 ], "texture": "#anvil" },
				"south": { "uv": [ 4.5, 14.52145, 5.25, 14.875 ], "texture": "#anvil" },
				"west": { "uv": [ 8.000002, 14.52145, 8.250002, 14.875 ], "texture": "#anvil" },
				"east": { "uv": [ 7.749998, 14.52145, 7.999998, 14.875 ], "texture": "#anvil" }
			}
		},
		{
			"__comment": "Box1",
			"from": [ 12.95, 0.8341, 7.2045 ],
			"to": [ 14.3, 1.2841, 7.84089 ],
			"rotation": { "origin": [ 1.7, 1.125, 8 ], "axis": "x", "angle": 45 },
			"faces": {
				"down": { "uv": [ 10.75, 8.073224, 11.5, 8.426774 ], "texture": "#anvil" },
				"up": { "uv": [ 10.75, 7.573226, 11.5, 7.926776 ], "texture": "#anvil" },
				"north": { "uv": [ 4.5, 14.92678, 5.25, 15.17678 ], "texture": "#anvil" },
				"south": { "uv": [ 10.75, 14.92678, 11.5, 15.17678 ], "texture": "#anvil" },
				"west": { "uv": [ 7.573226, 14.92678, 7.926776, 15.17678 ], "texture": "#anvil" },
				"east": { "uv": [ 8.073224, 14.92678, 8.426774, 15.17678 ], "texture": "#anvil" }
			}
		},
		{
			"__comment": "Box1",
			"from": [ 12.95, 0.9, 7.55 ],
			"to": [ 14.3, 1.35, 8 ],
			"faces": {
				"down": { "uv": [ 10.75, 8, 11.5, 8.25 ], "texture": "#anvil" },
				"up": { "uv": [ 10.75, 7.75, 11.5, 8 ], "texture": "#anvil" },
				"north": { "uv": [ 4.5, 15.25, 5.25, 15.5 ], "texture": "#anvil" },
				"south": { "uv": [ 10.75, 15.25, 11.5, 15.5 ], "texture": "#anvil" },
				"west": { "uv": [ 7.75, 15.25, 8, 15.5 ], "texture": "#anvil" },
				"east": { "uv": [ 8, 15.25, 8.25, 15.5 ], "texture": "#anvil" }
			}
		},
		{
			"__comment": "Box1",
			"from": [ 12.95, 0.9659, 8.1591 ],
			"to": [ 14.3, 1.4159, 8.795489 ],
			"rotation": { "origin": [ 1.7, 1.125, 8 ], "axis": "x", "angle": 45 },
			"faces": {
				"down": { "uv": [ 10.75, 7.646451, 11.5, 8.000002 ], "texture": "#anvil" },
				"up": { "uv": [ 10.75, 7.999998, 11.5, 8.353548 ], "texture": "#anvil" },
				"north": { "uv": [ 4.5, 14.875, 5.25, 15.125 ], "texture": "#anvil" },
				"south": { "uv": [ 10.75, 14.875, 11.5, 15.125 ], "texture": "#anvil" },
				"west": { "uv": [ 7.999999, 14.875, 8.353549, 15.125 ], "texture": "#anvil" },
				"east": { "uv": [ 7.646451, 14.875, 8.000002, 15.125 ], "texture": "#anvil" }
			}
		},
		{
			"__comment": "Box1",
			"from": [ 12.95, 0.9, 8 ],
			"to": [ 14.3, 1.35, 8.45 ],
			"faces": {
				"down": { "uv": [ 10.75, 7.75, 11.5, 8 ], "texture": "#anvil" },
				"up": { "uv": [ 10.75, 8, 11.5, 8.25 ], "texture": "#anvil" },
				"north": { "uv": [ 4.5, 14.875, 5.25, 15.125 ], "texture": "#anvil" },
				"south": { "uv": [ 10.75, 14.875, 11.5, 15.125 ], "texture": "#anvil" },
				"west": { "uv": [ 8, 14.875, 8.25, 15.125 ], "texture": "#anvil" },
				"east": { "uv": [ 7.75, 14.875, 8, 15.125 ], "texture": "#anvil" }
			}
		},
		{
			"__comment": "Box1",
			"from": [ 12.95, 1.2841, 7.8409 ],
			"to": [ 14.3, 1.92049, 8.2909 ],
			"rotation": { "origin": [ 1.7, 1.125, 8 ], "axis": "x", "angle": 45 },
			"faces": {
				"down": { "uv": [ 10.75, 7.749998, 11.5, 7.999998 ], "texture": "#anvil" },
				"up": { "uv": [ 10.75, 8.000002, 11.5, 8.250002 ], "texture": "#anvil" },
				"north": { "uv": [ 4.5, 14.52145, 5.25, 14.875 ], "texture": "#anvil" },
				"south": { "uv": [ 10.75, 14.52145, 11.5, 14.875 ], "texture": "#anvil" },
				"west": { "uv": [ 8.000002, 14.52145, 8.250002, 14.875 ], "texture": "#anvil" },
				"east": { "uv": [ 7.749998, 14.52145, 7.999998, 14.875 ], "texture": "#anvil" }
			}
		},
		{
			"__comment": "Box1",
			"from": [ 12.95, 0.9659, 7.2045 ],
			"to": [ 14.3, 1.4159, 7.84089 ],
			"rotation": { "origin": [ 1.7, 1.125, 8 ], "axis": "x", "angle": -45 },
			"faces": {
				"down": { "uv": [ 10.75, 7.89645, 11.5, 8.25 ], "texture": "#anvil" },
				"up": { "uv": [ 10.75, 7.75, 11.5, 8.10355 ], "texture": "#anvil" },
				"north": { "uv": [ 4.5, 15.5, 5.25, 15.75 ], "texture": "#anvil" },
				"south": { "uv": [ 10.75, 15.5, 11.5, 15.75 ], "texture": "#anvil" },
				"west": { "uv": [ 7.75, 15.5, 8.10355, 15.75 ], "texture": "#anvil" },
				"east": { "uv": [ 7.89645, 15.5, 8.25, 15.75 ], "texture": "#anvil" }
			}
		}
	]
}