{
"__comment": "Designed by Bob7l with BDcraft Cubik PRO 0.95 Beta - http://bdcraft.net",
"textures": {
    "bullet shell": "blocks/bullet shell",
    "shotgun base": "blocks/shotgun base"
},
"elements": [ 
{
    "from": [ 6, 0.5, 6 ],
    "to": [ 9.5, 9.5, 9.5 ],
    "faces": {
        "down":  { "uv": [ 10, 9.5, 6.5, 6 ], "texture": "#shotgun base" },
        "up":    { "uv": [ 6, 6, 9.5, 9.5 ], "texture": "#shotgun base" },
        "north": { "uv": [ 6.5, 6.5, 10, 15.5 ], "texture": "#shotgun base" },
        "south": { "uv": [ 6, 6.5, 9.5, 15.5 ], "texture": "#shotgun base" },
        "west":  { "uv": [ 6, 6.5, 9.5, 15.5 ], "texture": "#shotgun base" },
        "east":  { "uv": [ 6.5, 6.5, 10, 15.5 ], "texture": "#shotgun base" }
    }
},
{
    "from": [ 5.875, 11, 5.875 ],
    "to": [ 9.625, 11.5625, 9.625 ],
    "faces": {
        "down":  { "uv": [ 10.125, 9.625, 6.375, 5.875 ], "texture": "#bullet shell" },
        "up":    { "uv": [ 5.875, 5.875, 9.625, 9.625 ], "texture": "#bullet shell" },
        "north": { "uv": [ 6.375, 4.4375, 10.125, 5 ], "texture": "#bullet shell" },
        "south": { "uv": [ 5.875, 4.4375, 9.625, 5 ], "texture": "#bullet shell" },
        "west":  { "uv": [ 5.875, 4.4375, 9.625, 5 ], "texture": "#bullet shell" },
        "east":  { "uv": [ 6.375, 4.4375, 10.125, 5 ], "texture": "#bullet shell" }
    }
},
{
    "from": [ 6, 9.5, 6 ],
    "to": [ 9.5, 11, 9.5 ],
    "faces": {
        "down":  { "uv": [ 10, 9.5, 6.5, 6 ], "texture": "#bullet shell" },
        "up":    { "uv": [ 6, 6, 9.5, 9.5 ], "texture": "#bullet shell" },
        "north": { "uv": [ 6.5, 5, 10, 6.5 ], "texture": "#bullet shell" },
        "south": { "uv": [ 6, 5, 9.5, 6.5 ], "texture": "#bullet shell" },
        "west":  { "uv": [ 6, 5, 9.5, 6.5 ], "texture": "#bullet shell" },
        "east":  { "uv": [ 6.5, 5, 10, 6.5 ], "texture": "#bullet shell" }
    }
}
],
"display": {
    "thirdperson": {
        "rotation": [ 0, -90, 155 ],
        "translation": [ 0.2, 0.4, -2.2 ],
        "scale": [ 0.5, 0.44, 0.5 ]
    },
    "ground": {
        "rotation": [ 0, 0, 0 ],
        "translation": [ 0, 0, 0 ],
        "scale": [ 1.2, 1.57, 1.2 ]
    },
    "fixed": {
        "rotation": [ 0, 0, 0 ],
        "translation": [ 0, 0, 0 ],
        "scale": [ 1.07, 0.91, 1.07 ]
    },
    "firstperson": {
        "rotation": [ -7, -31, 0 ],
        "translation": [ 0, 3.1, 0 ],
        "scale": [ 1.07, 1.54, 1.07 ]
    },
    "gui": {
        "rotation": [ 0, 0, 0 ],
        "translation": [ 0, 0, 0 ],
        "scale": [ 1.13, 1.29, 1.13 ]
    }
}
}