{
	"__comment": "Designed by Cookiesnom with Cubik Studio - https://cubik.studio",
	"textures": {
		"atlas": "items/ump_45"
	},
	"elements": [ 	 
		{
			"__comment": "Box1",
			"from": [ 8.125, 8.531199, 8.531199 ],
			"to": [ 8.25, 8.624949, 8.843699 ],
			"faces": {
				"down": { "uv": [ 8.75, 12.9375, 8.875, 13.25 ], "texture": "#atlas" },
				"up": { "uv": [ 8.3125, 9.4375, 8.4375, 9.75 ], "texture": "#atlas" },
				"north": { "uv": [ 15.875, 14.875, 16, 15 ], "texture": "#atlas" },
				"south": { "uv": [ 9.125, 9.875, 9.25, 10 ], "texture": "#atlas" },
				"west": { "uv": [ 10.9375, 14.75, 11.25, 14.875 ], "texture": "#atlas" },
				"east": { "uv": [ 11.25, 14.75, 11.5625, 14.875 ], "texture": "#atlas" }
			}
		},
		{
			"__comment": "Box1",
			"from": [ 7.75, 8.125, 4 ],
			"to": [ 8.25, 8.25, 4.34375 ],
			"rotation": { "origin": [ 8, 8.125, 4 ], "axis": "x", "angle": -22.5 },
			"faces": {
				"down": { "uv": [ 1.125, 8, 1.625, 8.3125 ], "texture": "#atlas" },
				"up": { "uv": [ 5.0625, 11.25, 5.5625, 11.625 ], "texture": "#atlas" },
				"north": { "uv": [ 13.0625, 15.6875, 13.5625, 15.8125 ], "texture": "#atlas" },
				"south": { "uv": [ 13.5625, 15.6875, 14.0625, 15.8125 ], "texture": "#atlas" },
				"west": { "uv": [ 11.5625, 14.75, 11.875, 14.875 ], "texture": "#atlas" },
				"east": { "uv": [ 10.1875, 14.875, 10.5625, 15 ], "texture": "#atlas" }
			}
		},
		{
			"__comment": "Box1",
			"from": [ 8.125, 8.25, 7.125 ],
			"to": [ 8.25, 8.53125, 8.84375 ],
			"faces": {
				"down": { "uv": [ 7.0625, 12.5, 7.1875, 14.1875 ], "texture": "#atlas" },
				"up": { "uv": [ 6.5625, 12.4375, 6.6875, 14.1875 ], "texture": "#atlas" },
				"north": { "uv": [ 8.75, 8.0625, 8.875, 8.3125 ], "texture": "#atlas" },
				"south": { "uv": [ 8.75, 12.25, 8.875, 12.5 ], "texture": "#atlas" },
				"west": { "uv": [ 3.4375, 8.6875, 5.125, 8.9375 ], "texture": "#atlas" },
				"east": { "uv": [ 3.4375, 9.6875, 5.1875, 9.9375 ], "texture": "#atlas" }
			}
		},
		{
			"__comment": "Box1",
			"from": [ 8.125, 8.531199, 7.6562 ],
			"to": [ 8.25, 8.624949, 7.9687 ],
			"faces": {
				"down": { "uv": [ 7.0625, 8, 7.1875, 8.3125 ], "texture": "#atlas" },
				"up": { "uv": [ 7.1875, 8, 7.3125, 8.3125 ], "texture": "#atlas" },
				"north": { "uv": [ 9.125, 10, 9.25, 10.125 ], "texture": "#atlas" },
				"south": { "uv": [ 9.125, 10.125, 9.25, 10.25 ], "texture": "#atlas" },
				"west": { "uv": [ 11.875, 14.75, 12.1875, 14.875 ], "texture": "#atlas" },
				"east": { "uv": [ 12.1875, 14.75, 12.5, 14.875 ], "texture": "#atlas" }
			}
		},
		{
			"__comment": "Box1",
			"from": [ 7.75, 8.531199, 8.531199 ],
			"to": [ 7.875, 8.624949, 8.843699 ],
			"faces": {
				"down": { "uv": [ 7.3125, 8, 7.4375, 8.3125 ], "texture": "#atlas" },
				"up": { "uv": [ 7.4375, 8, 7.5625, 8.3125 ], "texture": "#atlas" },
				"north": { "uv": [ 9.125, 10.25, 9.25, 10.375 ], "texture": "#atlas" },
				"south": { "uv": [ 9.125, 10.375, 9.25, 10.5 ], "texture": "#atlas" },
				"west": { "uv": [ 12.5, 14.75, 12.8125, 14.875 ], "texture": "#atlas" },
				"east": { "uv": [ 12.8125, 14.75, 13.125, 14.875 ], "texture": "#atlas" }
			}
		},
		{
			"__comment": "Box1",
			"from": [ 7.75, 8.531199, 7.6562 ],
			"to": [ 7.875, 8.624949, 7.9687 ],
			"faces": {
				"down": { "uv": [ 8.75, 13.6875, 8.875, 14 ], "texture": "#atlas" },
				"up": { "uv": [ 8.75, 13.3125, 8.875, 13.625 ], "texture": "#atlas" },
				"north": { "uv": [ 9.125, 10.5, 9.25, 10.625 ], "texture": "#atlas" },
				"south": { "uv": [ 9.125, 10.625, 9.25, 10.75 ], "texture": "#atlas" },
				"west": { "uv": [ 13.125, 14.75, 13.4375, 14.875 ], "texture": "#atlas" },
				"east": { "uv": [ 13.4375, 14.75, 13.75, 14.875 ], "texture": "#atlas" }
			}
		},
		{
			"__comment": "Box1",
			"from": [ 7.75, 8.25, 7.125 ],
			"to": [ 7.875, 8.53125, 8.84375 ],
			"faces": {
				"down": { "uv": [ 7.4375, 12.5, 7.5625, 14.1875 ], "texture": "#atlas" },
				"up": { "uv": [ 6.8125, 12.4375, 6.9375, 14.1875 ], "texture": "#atlas" },
				"north": { "uv": [ 8.75, 8.5625, 8.875, 8.8125 ], "texture": "#atlas" },
				"south": { "uv": [ 8.875, 9.5625, 9, 9.8125 ], "texture": "#atlas" },
				"west": { "uv": [ 3.4375, 9.1875, 5.125, 9.4375 ], "texture": "#atlas" },
				"east": { "uv": [ 3.4375, 9.4375, 5.1875, 9.6875 ], "texture": "#atlas" }
			}
		},
		{
			"__comment": "Box1",
			"from": [ 7.75, 8.625, 7.125 ],
			"to": [ 7.875, 8.6875, 8.84375 ],
			"faces": {
				"down": { "uv": [ 7.3125, 12.5, 7.4375, 14.1875 ], "texture": "#atlas" },
				"up": { "uv": [ 6.6875, 12.4375, 6.8125, 14.1875 ], "texture": "#atlas" },
				"north": { "uv": [ 6.4375, 8.25, 6.5625, 8.3125 ], "texture": "#atlas" },
				"south": { "uv": [ 6.4375, 8.6875, 6.5625, 8.75 ], "texture": "#atlas" },
				"west": { "uv": [ 13.75, 15.25, 15.4375, 15.3125 ], "texture": "#atlas" },
				"east": { "uv": [ 10.3125, 15.25, 12.0625, 15.3125 ], "texture": "#atlas" }
			}
		},
		{
			"__comment": "Box1",
			"from": [ 8.125, 8.625, 7.125 ],
			"to": [ 8.25, 8.6875, 8.84375 ],
			"faces": {
				"down": { "uv": [ 7.1875, 12.5, 7.3125, 14.1875 ], "texture": "#atlas" },
				"up": { "uv": [ 6.9375, 12.4375, 7.0625, 14.1875 ], "texture": "#atlas" },
				"north": { "uv": [ 7.1875, 12.4375, 7.3125, 12.5 ], "texture": "#atlas" },
				"south": { "uv": [ 7.0625, 12.4375, 7.1875, 12.5 ], "texture": "#atlas" },
				"west": { "uv": [ 12.0625, 15.25, 13.75, 15.3125 ], "texture": "#atlas" },
				"east": { "uv": [ 12.25, 15.3125, 14, 15.375 ], "texture": "#atlas" }
			}
		},
		{
			"__comment": "Box1",
			"from": [ 7.875, 8.625, 7.125 ],
			"to": [ 8.125, 8.6875, 8.84375 ],
			"faces": {
				"down": { "uv": [ 5.6875, 10.375, 5.9375, 12.0625 ], "texture": "#atlas" },
				"up": { "uv": [ 5.6875, 13.75, 5.9375, 15.5 ], "texture": "#atlas" },
				"north": { "uv": [ 8.1875, 12.4375, 8.4375, 12.5 ], "texture": "#atlas" },
				"south": { "uv": [ 6.3125, 10.375, 6.5625, 10.4375 ], "texture": "#atlas" },
				"west": { "uv": [ 6.75, 9.75, 8.4375, 9.8125 ], "texture": "#atlas" },
				"east": { "uv": [ 8.5625, 15.25, 10.3125, 15.3125 ], "texture": "#atlas" }
			}
		},
		{
			"__comment": "Box1",
			"from": [ 7.8594, 9.0001, 3.5312 ],
			"to": [ 8.14065, 9.1876, 3.9062 ],
			"rotation": { "origin": [ 8, 9.1875, 3.9062 ], "axis": "x", "angle": -22.5 },
			"faces": {
				"down": { "uv": [ 8, 11.4375, 8.3125, 11.8125 ], "texture": "#atlas" },
				"up": { "uv": [ 6.75, 11.0625, 7.0625, 11.4375 ], "texture": "#atlas" },
				"north": { "uv": [ 8.5625, 11.5, 8.875, 11.6875 ], "texture": "#atlas" },
				"south": { "uv": [ 8.5625, 11.6875, 8.875, 11.875 ], "texture": "#atlas" },
				"west": { "uv": [ 4.875, 12.5625, 5.25, 12.75 ], "texture": "#atlas" },
				"east": { "uv": [ 10, 15.0625, 10.375, 15.25 ], "texture": "#atlas" }
			}
		},
		{
			"__comment": "Box1",
			"from": [ 7.75, 8, 4.5625 ],
			"to": [ 8.25, 8.09375, 4.625 ],
			"rotation": { "origin": [ 8, 8.09375, 4.5 ], "axis": "x", "angle": 45 },
			"faces": {
				"down": { "uv": [ 0.5, 9.75, 1, 9.8125 ], "texture": "#atlas" },
				"up": { "uv": [ 15, 15.6875, 15.5, 15.75 ], "texture": "#atlas" },
				"north": { "uv": [ 10.375, 15.125, 10.875, 15.25 ], "texture": "#atlas" },
				"south": { "uv": [ 1, 9.75, 1.5, 9.875 ], "texture": "#atlas" },
				"west": { "uv": [ 9.3125, 13.0625, 9.375, 13.1875 ], "texture": "#atlas" },
				"east": { "uv": [ 9.3125, 12.8125, 9.375, 12.9375 ], "texture": "#atlas" }
			}
		},
		{
			"__comment": "Box1",
			"from": [ 7.7188, 8.2188, 3.4687 ],
			"to": [ 7.87505, 8.87505, 3.56245 ],
			"rotation": { "origin": [ 7.7188, 8.2188, 3.5625 ], "axis": "y", "angle": -45 },
			"faces": {
				"down": { "uv": [ 15.0625, 14.75, 15.25, 14.875 ], "texture": "#atlas" },
				"up": { "uv": [ 15.625, 14.75, 15.8125, 14.875 ], "texture": "#atlas" },
				"north": { "uv": [ 5.6875, 8, 5.875, 8.6875 ], "texture": "#atlas" },
				"south": { "uv": [ 7.8125, 11.125, 8, 11.8125 ], "texture": "#atlas" },
				"west": { "uv": [ 7.3125, 8.3125, 7.4375, 9 ], "texture": "#atlas" },
				"east": { "uv": [ 7.4375, 8.3125, 7.5625, 9 ], "texture": "#atlas" }
			}
		},
		{
			"__comment": "Box1",
			"from": [ 7.7505, 8.093699, 6.8124 ],
			"to": [ 8.249499, 8.312499, 7.0312 ],
			"rotation": { "origin": [ 8, 8.09375, 7.03125 ], "axis": "x", "angle": 22.5 },
			"faces": {
				"down": { "uv": [ 7.8125, 9.0625, 8.3125, 9.25 ], "texture": "#atlas" },
				"up": { "uv": [ 7.5625, 9.25, 8.0625, 9.4375 ], "texture": "#atlas" },
				"north": { "uv": [ 6.5625, 10.8125, 7.0625, 11.0625 ], "texture": "#atlas" },
				"south": { "uv": [ 5.1875, 9.6875, 5.6875, 9.9375 ], "texture": "#atlas" },
				"west": { "uv": [ 8.875, 14.25, 9.0625, 14.5 ], "texture": "#atlas" },
				"east": { "uv": [ 8.875, 14.5, 9.0625, 14.75 ], "texture": "#atlas" }
			}
		},
		{
			"__comment": "Box1",
			"from": [ 7.7812, 4.9688, 7.2812 ],
			"to": [ 8.2187, 5.1563, 7.9687 ],
			"rotation": { "origin": [ 8, 4.96875, 7.28125 ], "axis": "x", "angle": -22.5 },
			"faces": {
				"down": { "uv": [ 5.125, 8, 5.5625, 8.6875 ], "texture": "#atlas" },
				"up": { "uv": [ 5.9375, 11.6875, 6.375, 12.375 ], "texture": "#atlas" },
				"north": { "uv": [ 7.5625, 8.8125, 8, 9 ], "texture": "#atlas" },
				"south": { "uv": [ 7.5625, 8.625, 8, 8.8125 ], "texture": "#atlas" },
				"west": { "uv": [ 3.4375, 8, 4.125, 8.1875 ], "texture": "#atlas" },
				"east": { "uv": [ 4.125, 8, 4.8125, 8.1875 ], "texture": "#atlas" }
			}
		},
		{
			"__comment": "Box1",
			"from": [ 7.9219, 7.2188, 6.25 ],
			"to": [ 8.07815, 7.50005, 6.28125 ],
			"rotation": { "origin": [ 8, 7.21875, 6.25 ], "axis": "x", "angle": -22.5 },
			"faces": {
				"down": { "uv": [ 8.5625, 8, 8.75, 8.0625 ], "texture": "#atlas" },
				"up": { "uv": [ 7.625, 11.0625, 7.8125, 11.125 ], "texture": "#atlas" },
				"north": { "uv": [ 8.25, 10.5, 8.4375, 10.8125 ], "texture": "#atlas" },
				"south": { "uv": [ 8.25, 11.8125, 8.4375, 12.125 ], "texture": "#atlas" },
				"west": { "uv": [ 8.375, 9.875, 8.4375, 10.1875 ], "texture": "#atlas" },
				"east": { "uv": [ 5.625, 12.5625, 5.6875, 12.875 ], "texture": "#atlas" }
			}
		},
		{
			"__comment": "Box1",
			"from": [ 7.813, 7.625, 4.5 ],
			"to": [ 8.186999, 7.9375, 4.5938 ],
			"rotation": { "origin": [ 8, 7.625, 4.5 ], "axis": "x", "angle": 45 },
			"faces": {
				"down": { "uv": [ 7.375, 9.8125, 7.75, 9.875 ], "texture": "#atlas" },
				"up": { "uv": [ 2.4375, 8, 2.8125, 8.125 ], "texture": "#atlas" },
				"north": { "uv": [ 6.75, 10.5, 7.125, 10.8125 ], "texture": "#atlas" },
				"south": { "uv": [ 7.125, 10.5, 7.5, 10.8125 ], "texture": "#atlas" },
				"west": { "uv": [ 1.625, 8, 1.6875, 8.3125 ], "texture": "#atlas" },
				"east": { "uv": [ 8.75, 12.5625, 8.875, 12.875 ], "texture": "#atlas" }
			}
		},
		{
			"__comment": "Box1",
			"from": [ 7.813, 7.75, 4.125 ],
			"to": [ 8.186999, 8.0938, 4.3125 ],
			"rotation": { "origin": [ 8, 7.75, 4.125 ], "axis": "x", "angle": -22.5 },
			"faces": {
				"down": { "uv": [ 8, 8.625, 8.375, 8.8125 ], "texture": "#atlas" },
				"up": { "uv": [ 8.0625, 9.25, 8.4375, 9.4375 ], "texture": "#atlas" },
				"north": { "uv": [ 6.75, 10.1875, 7.125, 10.5 ], "texture": "#atlas" },
				"south": { "uv": [ 7.125, 10.1875, 7.5, 10.5 ], "texture": "#atlas" },
				"west": { "uv": [ 8.5625, 9.75, 8.75, 10.0625 ], "texture": "#atlas" },
				"east": { "uv": [ 8.5625, 10.0625, 8.75, 10.375 ], "texture": "#atlas" }
			}
		},
		{
			"__comment": "Box1",
			"from": [ 7.8135, 8.125, 3.7188 ],
			"to": [ 8.1865, 8.4688, 4.0626 ],
			"rotation": { "origin": [ 8, 8.125, 3.71875 ], "axis": "x", "angle": 22.5 },
			"faces": {
				"down": { "uv": [ 6.75, 11.4375, 7.125, 11.8125 ], "texture": "#atlas" },
				"up": { "uv": [ 7.875, 10.5, 8.25, 10.8125 ], "texture": "#atlas" },
				"north": { "uv": [ 7.5, 10.5, 7.875, 10.8125 ], "texture": "#atlas" },
				"south": { "uv": [ 8, 11.125, 8.375, 11.4375 ], "texture": "#atlas" },
				"west": { "uv": [ 5.25, 12.5625, 5.625, 12.875 ], "texture": "#atlas" },
				"east": { "uv": [ 7.375, 9.4375, 7.6875, 9.75 ], "texture": "#atlas" }
			}
		},
		{
			"__comment": "Box1",
			"from": [ 7.9531, 7.3438, 4.9688 ],
			"to": [ 8.04685, 7.5313, 5.0313 ],
			"rotation": { "origin": [ 8, 7.34375, 4.96875 ], "axis": "x", "angle": -45 },
			"faces": {
				"down": { "uv": [ 6.75, 8, 6.8125, 8.0625 ], "texture": "#atlas" },
				"up": { "uv": [ 6.625, 8, 6.6875, 8.0625 ], "texture": "#atlas" },
				"north": { "uv": [ 9.25, 14.0625, 9.3125, 14.25 ], "texture": "#atlas" },
				"south": { "uv": [ 8.375, 8.625, 8.4375, 8.8125 ], "texture": "#atlas" },
				"west": { "uv": [ 9.25, 12.4375, 9.3125, 12.625 ], "texture": "#atlas" },
				"east": { "uv": [ 9.25, 12.625, 9.3125, 12.8125 ], "texture": "#atlas" }
			}
		},
		{
			"__comment": "Box1",
			"from": [ 7.8594, 7.25, 4.8438 ],
			"to": [ 8.14065, 7.3125, 5.6563 ],
			"faces": {
				"down": { "uv": [ 2.8125, 8.8125, 3.125, 9.625 ], "texture": "#atlas" },
				"up": { "uv": [ 1.75, 10, 2.0625, 10.8125 ], "texture": "#atlas" },
				"north": { "uv": [ 12.875, 15.0625, 13.1875, 15.125 ], "texture": "#atlas" },
				"south": { "uv": [ 12.375, 15.0625, 12.6875, 15.125 ], "texture": "#atlas" },
				"west": { "uv": [ 10.625, 15, 11.4375, 15.0625 ], "texture": "#atlas" },
				"east": { "uv": [ 11.4375, 15, 12.25, 15.0625 ], "texture": "#atlas" }
			}
		},
		{
			"__comment": "Box1",
			"from": [ 7.8594, 7.25, 5.6562 ],
			"to": [ 8.14065, 7.3125, 5.9687 ],
			"rotation": { "origin": [ 8, 7.25, 5.65625 ], "axis": "x", "angle": -45 },
			"faces": {
				"down": { "uv": [ 4.375, 9.9375, 4.6875, 10.25 ], "texture": "#atlas" },
				"up": { "uv": [ 7.0625, 9.4375, 7.375, 9.75 ], "texture": "#atlas" },
				"north": { "uv": [ 12.875, 15, 13.1875, 15.0625 ], "texture": "#atlas" },
				"south": { "uv": [ 15.1875, 15.0625, 15.5, 15.125 ], "texture": "#atlas" },
				"west": { "uv": [ 11.375, 15.0625, 11.6875, 15.125 ], "texture": "#atlas" },
				"east": { "uv": [ 14.75, 15.0625, 15.0625, 15.125 ], "texture": "#atlas" }
			}
		},
		{
			"__comment": "Box1",
			"from": [ 7.8594, 9, 6.25 ],
			"to": [ 8.14065, 9.0625, 6.375 ],
			"faces": {
				"down": { "uv": [ 13.75, 14.75, 14.0625, 14.875 ], "texture": "#atlas" },
				"up": { "uv": [ 14.0625, 14.75, 14.375, 14.875 ], "texture": "#atlas" },
				"north": { "uv": [ 14.3125, 15.0625, 14.625, 15.125 ], "texture": "#atlas" },
				"south": { "uv": [ 15.375, 15, 15.6875, 15.0625 ], "texture": "#atlas" },
				"west": { "uv": [ 8.75, 13.625, 8.875, 13.6875 ], "texture": "#atlas" },
				"east": { "uv": [ 8.75, 12.875, 8.875, 12.9375 ], "texture": "#atlas" }
			}
		},
		{
			"__comment": "Box1",
			"from": [ 7.8125, 6.4062, 4.0938 ],
			"to": [ 8.1875, 6.49995, 4.1563 ],
			"rotation": { "origin": [ 8, 6.40625, 4.09375 ], "axis": "x", "angle": 22.5 },
			"faces": {
				"down": { "uv": [ 7.8125, 9, 8.1875, 9.0625 ], "texture": "#atlas" },
				"up": { "uv": [ 15.4375, 15.4375, 15.8125, 15.5 ], "texture": "#atlas" },
				"north": { "uv": [ 9.0625, 14.875, 9.4375, 15 ], "texture": "#atlas" },
				"south": { "uv": [ 9.4375, 14.875, 9.8125, 15 ], "texture": "#atlas" },
				"west": { "uv": [ 9.3125, 14.1875, 9.375, 14.3125 ], "texture": "#atlas" },
				"east": { "uv": [ 9.3125, 13.4375, 9.375, 13.5625 ], "texture": "#atlas" }
			}
		},
		{
			"__comment": "Box1",
			"from": [ 7.8594, 7.4062, 4.5 ],
			"to": [ 8.14065, 7.4687, 4.90625 ],
			"rotation": { "origin": [ 8, 7.40625, 4.5 ], "axis": "x", "angle": 22.5 },
			"faces": {
				"down": { "uv": [ 6.75, 9.8125, 7.0625, 10.1875 ], "texture": "#atlas" },
				"up": { "uv": [ 4.5625, 12.5625, 4.875, 13 ], "texture": "#atlas" },
				"north": { "uv": [ 13.875, 15.0625, 14.1875, 15.125 ], "texture": "#atlas" },
				"south": { "uv": [ 14.4375, 15, 14.75, 15.0625 ], "texture": "#atlas" },
				"west": { "uv": [ 15.4375, 15.25, 15.8125, 15.3125 ], "texture": "#atlas" },
				"east": { "uv": [ 8, 11.0625, 8.4375, 11.125 ], "texture": "#atlas" }
			}
		},
		{
			"__comment": "Box1",
			"from": [ 7.9531, 7.4688, 4.8438 ],
			"to": [ 8.04685, 7.75005, 4.9063 ],
			"faces": {
				"down": { "uv": [ 9.875, 14.6875, 9.9375, 14.75 ], "texture": "#atlas" },
				"up": { "uv": [ 9.8125, 14.6875, 9.875, 14.75 ], "texture": "#atlas" },
				"north": { "uv": [ 9.0625, 8.125, 9.125, 8.4375 ], "texture": "#atlas" },
				"south": { "uv": [ 6.5, 10.9375, 6.5625, 11.25 ], "texture": "#atlas" },
				"west": { "uv": [ 8.375, 11.125, 8.4375, 11.4375 ], "texture": "#atlas" },
				"east": { "uv": [ 9.0625, 10.3125, 9.125, 10.625 ], "texture": "#atlas" }
			}
		},
		{
			"__comment": "Box1",
			"from": [ 7.8125, 7.7188, 4.0625 ],
			"to": [ 8.1875, 9.00005, 6.09375 ],
			"faces": {
				"down": { "uv": [ 3.875, 13.125, 4.25, 15.125 ], "texture": "#atlas" },
				"up": { "uv": [ 3.5, 13.0625, 3.875, 15.125 ], "texture": "#atlas" },
				"north": { "uv": [ 4.6875, 11.25, 5.0625, 12.5625 ], "texture": "#atlas" },
				"south": { "uv": [ 5.25, 12.875, 5.625, 14.1875 ], "texture": "#atlas" },
				"west": { "uv": [ 0, 13.375, 2, 14.6875 ], "texture": "#atlas" },
				"east": { "uv": [ 0, 14.6875, 2.0625, 16 ], "texture": "#atlas" }
			}
		},
		{
			"__comment": "Box1",
			"from": [ 7.8125, 8.6875, 6.0938 ],
			"to": [ 8.1875, 9, 8.8438 ],
			"faces": {
				"down": { "uv": [ 2.0625, 9.8125, 2.4375, 12.5625 ], "texture": "#atlas" },
				"up": { "uv": [ 2.4375, 9.8125, 2.8125, 12.5625 ], "texture": "#atlas" },
				"north": { "uv": [ 1.6875, 8, 2.0625, 8.3125 ], "texture": "#atlas" },
				"south": { "uv": [ 7.375, 9.875, 7.75, 10.1875 ], "texture": "#atlas" },
				"west": { "uv": [ 8.4375, 15.6875, 11.1875, 16 ], "texture": "#atlas" },
				"east": { "uv": [ 5.6875, 15.6875, 8.4375, 16 ], "texture": "#atlas" }
			}
		},
		{
			"__comment": "Box1",
			"from": [ 7.8594, 9, 3.5312 ],
			"to": [ 8.14065, 9.0625, 3.5937 ],
			"faces": {
				"down": { "uv": [ 15.625, 15.0625, 15.9375, 15.125 ], "texture": "#atlas" },
				"up": { "uv": [ 11.875, 15.0625, 12.1875, 15.125 ], "texture": "#atlas" },
				"north": { "uv": [ 10.875, 15.0625, 11.1875, 15.125 ], "texture": "#atlas" },
				"south": { "uv": [ 14.125, 15, 14.4375, 15.0625 ], "texture": "#atlas" },
				"west": { "uv": [ 8.75, 9.75, 8.8125, 9.8125 ], "texture": "#atlas" },
				"east": { "uv": [ 8.8125, 12.5, 8.875, 12.5625 ], "texture": "#atlas" }
			}
		},
		{
			"__comment": "Box1",
			"from": [ 7.8125, 8.9375, 3.4999 ],
			"to": [ 7.875, 9.28125, 3.90615 ],
			"rotation": { "origin": [ 7.8438, 9.281199, 3.9062 ], "axis": "x", "angle": -22.5 },
			"faces": {
				"down": { "uv": [ 6.5, 9.9375, 6.5625, 10.375 ], "texture": "#atlas" },
				"up": { "uv": [ 8.4375, 8.4375, 8.5, 8.875 ], "texture": "#atlas" },
				"north": { "uv": [ 9.0625, 10.625, 9.125, 11 ], "texture": "#atlas" },
				"south": { "uv": [ 5.125, 9.9375, 5.1875, 10.3125 ], "texture": "#atlas" },
				"west": { "uv": [ 8, 14.25, 8.4375, 14.625 ], "texture": "#atlas" },
				"east": { "uv": [ 7.3125, 12.0625, 7.75, 12.4375 ], "texture": "#atlas" }
			}
		},
		{
			"__comment": "Box1",
			"from": [ 7.812, 6.625, 3.5625 ],
			"to": [ 8.188, 8.0938, 4.1563 ],
			"rotation": { "origin": [ 8, 6.625, 3.5625 ], "axis": "x", "angle": 22.5 },
			"faces": {
				"down": { "uv": [ 3.875, 12.5625, 4.25, 13.125 ], "texture": "#atlas" },
				"up": { "uv": [ 5.9375, 9.125, 6.3125, 9.75 ], "texture": "#atlas" },
				"north": { "uv": [ 1.6875, 8.3125, 2.0625, 9.75 ], "texture": "#atlas" },
				"south": { "uv": [ 4.875, 12.75, 5.25, 14.1875 ], "texture": "#atlas" },
				"west": { "uv": [ 1.125, 8.3125, 1.6875, 9.75 ], "texture": "#atlas" },
				"east": { "uv": [ 0, 8.3125, 0.625, 9.75 ], "texture": "#atlas" }
			}
		},
		{
			"__comment": "Box1",
			"from": [ 7.8438, 8.5001, 2.9064 ],
			"to": [ 8.1563, 8.78135, 3.62515 ],
			"rotation": { "origin": [ 8, 8.781199, 2.9062 ], "axis": "x", "angle": -22.5 },
			"faces": {
				"down": { "uv": [ 2.8125, 8.125, 3.125, 8.8125 ], "texture": "#atlas" },
				"up": { "uv": [ 4.0625, 10.1875, 4.375, 10.875 ], "texture": "#atlas" },
				"north": { "uv": [ 4.0625, 9.9375, 4.375, 10.1875 ], "texture": "#atlas" },
				"south": { "uv": [ 7.9375, 8.375, 8.25, 8.625 ], "texture": "#atlas" },
				"west": { "uv": [ 7.6875, 12.75, 8.375, 13 ], "texture": "#atlas" },
				"east": { "uv": [ 7.6875, 12.5, 8.375, 12.75 ], "texture": "#atlas" }
			}
		},
		{
			"__comment": "Box1",
			"from": [ 7.8594, 8.9375, 8.125 ],
			"to": [ 8.14065, 9.09375, 8.4375 ],
			"rotation": { "origin": [ 8, 9.09375, 8.4375 ], "axis": "x", "angle": -22.5 },
			"faces": {
				"down": { "uv": [ 3.125, 8, 3.4375, 8.3125 ], "texture": "#atlas" },
				"up": { "uv": [ 8, 9.4375, 8.3125, 9.75 ], "texture": "#atlas" },
				"north": { "uv": [ 2.8125, 8, 3.125, 8.125 ], "texture": "#atlas" },
				"south": { "uv": [ 7.9375, 8, 8.25, 8.125 ], "texture": "#atlas" },
				"west": { "uv": [ 10.5625, 14.875, 10.875, 15 ], "texture": "#atlas" },
				"east": { "uv": [ 10.875, 14.875, 11.1875, 15 ], "texture": "#atlas" }
			}
		},
		{
			"__comment": "Box1",
			"from": [ 8.125, 9, 3.5312 ],
			"to": [ 8.1875, 9.125, 3.62495 ],
			"faces": {
				"down": { "uv": [ 7, 8, 7.0625, 8.125 ], "texture": "#atlas" },
				"up": { "uv": [ 14.625, 15.0625, 14.6875, 15.125 ], "texture": "#atlas" },
				"north": { "uv": [ 9.25, 10.5, 9.3125, 10.625 ], "texture": "#atlas" },
				"south": { "uv": [ 9.25, 10.125, 9.3125, 10.25 ], "texture": "#atlas" },
				"west": { "uv": [ 8.75, 12.125, 8.875, 12.25 ], "texture": "#atlas" },
				"east": { "uv": [ 9.25, 10, 9.3125, 10.125 ], "texture": "#atlas" }
			}
		},
		{
			"__comment": "Box1",
			"from": [ 8.125, 9, 3.9062 ],
			"to": [ 8.1875, 9.28125, 4.2812 ],
			"faces": {
				"down": { "uv": [ 9.0625, 11, 9.125, 11.375 ], "texture": "#atlas" },
				"up": { "uv": [ 9.0625, 11.375, 9.125, 11.75 ], "texture": "#atlas" },
				"north": { "uv": [ 5.0625, 8.1875, 5.125, 8.4375 ], "texture": "#atlas" },
				"south": { "uv": [ 5.625, 8.6875, 5.6875, 8.9375 ], "texture": "#atlas" },
				"west": { "uv": [ 7.4375, 9, 7.8125, 9.25 ], "texture": "#atlas" },
				"east": { "uv": [ 7.0625, 9, 7.4375, 9.25 ], "texture": "#atlas" }
			}
		},
		{
			"__comment": "Box1",
			"from": [ 8.125, 8.9375, 3.5 ],
			"to": [ 8.1875, 9.28125, 3.90625 ],
			"rotation": { "origin": [ 8.15625, 9.28125, 3.90625 ], "axis": "x", "angle": -22.5 },
			"faces": {
				"down": { "uv": [ 8.4375, 8, 8.5, 8.4375 ], "texture": "#atlas" },
				"up": { "uv": [ 8.5, 8.4375, 8.5625, 8.875 ], "texture": "#atlas" },
				"north": { "uv": [ 9.0625, 11.75, 9.125, 12.125 ], "texture": "#atlas" },
				"south": { "uv": [ 9.0625, 12.125, 9.125, 12.5 ], "texture": "#atlas" },
				"west": { "uv": [ 6.875, 12.0625, 7.3125, 12.4375 ], "texture": "#atlas" },
				"east": { "uv": [ 4.6875, 9.9375, 5.125, 10.3125 ], "texture": "#atlas" }
			}
		},
		{
			"__comment": "Box1",
			"from": [ 7.8125, 9, 3.9062 ],
			"to": [ 7.875, 9.28125, 4.2812 ],
			"faces": {
				"down": { "uv": [ 9.0625, 12.5, 9.125, 12.875 ], "texture": "#atlas" },
				"up": { "uv": [ 9.0625, 12.875, 9.125, 13.25 ], "texture": "#atlas" },
				"north": { "uv": [ 5.625, 8.9375, 5.6875, 9.1875 ], "texture": "#atlas" },
				"south": { "uv": [ 5.625, 9.1875, 5.6875, 9.4375 ], "texture": "#atlas" },
				"west": { "uv": [ 7.0625, 10.8125, 7.4375, 11.0625 ], "texture": "#atlas" },
				"east": { "uv": [ 7.4375, 10.8125, 7.8125, 11.0625 ], "texture": "#atlas" }
			}
		},
		{
			"__comment": "Box1",
			"from": [ 7.8125, 9, 3.5312 ],
			"to": [ 7.875, 9.125, 3.62495 ],
			"faces": {
				"down": { "uv": [ 9.25, 9.75, 9.3125, 9.875 ], "texture": "#atlas" },
				"up": { "uv": [ 6.6875, 8, 6.75, 8.0625 ], "texture": "#atlas" },
				"north": { "uv": [ 9.3125, 14.5625, 9.375, 14.6875 ], "texture": "#atlas" },
				"south": { "uv": [ 9.3125, 14.4375, 9.375, 14.5625 ], "texture": "#atlas" },
				"west": { "uv": [ 9.125, 9.75, 9.25, 9.875 ], "texture": "#atlas" },
				"east": { "uv": [ 9.3125, 13.9375, 9.375, 14.0625 ], "texture": "#atlas" }
			}
		},
		{
			"__comment": "Box1",
			"from": [ 8.031199, 9.1875, 4 ],
			"to": [ 8.093699, 9.25, 4.03125 ],
			"faces": {
				"down": { "uv": [ 13.75, 15.0625, 13.8125, 15.125 ], "texture": "#atlas" },
				"up": { "uv": [ 15.0625, 15.0625, 15.125, 15.125 ], "texture": "#atlas" },
				"north": { "uv": [ 15.9375, 15.0625, 16, 15.125 ], "texture": "#atlas" },
				"south": { "uv": [ 9, 8.1875, 9.0625, 8.25 ], "texture": "#atlas" },
				"west": { "uv": [ 9.9375, 14.6875, 10, 14.75 ], "texture": "#atlas" },
				"east": { "uv": [ 10, 14.6875, 10.0625, 14.75 ], "texture": "#atlas" }
			}
		},
		{
			"__comment": "Box1",
			"from": [ 7.8594, 8.906199, 8.625 ],
			"to": [ 8.14065, 9.156199, 8.71875 ],
			"rotation": { "origin": [ 8, 9.15625, 8.71875 ], "axis": "x", "angle": -22.5 },
			"faces": {
				"down": { "uv": [ 11.1875, 14.875, 11.5, 15 ], "texture": "#atlas" },
				"up": { "uv": [ 11.5, 14.875, 11.8125, 15 ], "texture": "#atlas" },
				"north": { "uv": [ 7.9375, 8.125, 8.25, 8.375 ], "texture": "#atlas" },
				"south": { "uv": [ 8.5625, 15, 8.875, 15.25 ], "texture": "#atlas" },
				"west": { "uv": [ 8.3125, 10.8125, 8.4375, 11.0625 ], "texture": "#atlas" },
				"east": { "uv": [ 6.4375, 8, 6.5625, 8.25 ], "texture": "#atlas" }
			}
		},
		{
			"__comment": "Box1",
			"from": [ 7.8594, 9, 8.125 ],
			"to": [ 8.14065, 9.15625, 8.4375 ],
			"rotation": { "origin": [ 8, 9.15625, 8.4375 ], "axis": "x", "angle": -45 },
			"faces": {
				"down": { "uv": [ 7.3125, 11.0625, 7.625, 11.375 ], "texture": "#atlas" },
				"up": { "uv": [ 7.6875, 9.4375, 8, 9.75 ], "texture": "#atlas" },
				"north": { "uv": [ 11.8125, 14.875, 12.125, 15 ], "texture": "#atlas" },
				"south": { "uv": [ 12.125, 14.875, 12.4375, 15 ], "texture": "#atlas" },
				"west": { "uv": [ 12.4375, 14.875, 12.75, 15 ], "texture": "#atlas" },
				"east": { "uv": [ 12.75, 14.875, 13.0625, 15 ], "texture": "#atlas" }
			}
		},
		{
			"__comment": "Box1",
			"from": [ 8.0625, 9.0938, 8.4375 ],
			"to": [ 8.125, 9.2813, 8.71875 ],
			"rotation": { "origin": [ 8.09375, 9.09375, 8.4375 ], "axis": "z", "angle": -22.5 },
			"faces": {
				"down": { "uv": [ 9.125, 8.75, 9.1875, 9 ], "texture": "#atlas" },
				"up": { "uv": [ 0.5625, 8, 0.625, 8.3125 ], "texture": "#atlas" },
				"north": { "uv": [ 9.125, 8.3125, 9.1875, 8.5 ], "texture": "#atlas" },
				"south": { "uv": [ 9.25, 14.4375, 9.3125, 14.625 ], "texture": "#atlas" },
				"west": { "uv": [ 6.3125, 9.125, 6.5625, 9.3125 ], "texture": "#atlas" },
				"east": { "uv": [ 8.5625, 10.75, 8.875, 10.9375 ], "texture": "#atlas" }
			}
		},
		{
			"__comment": "Box1",
			"from": [ 7.8594, 9, 8.4375 ],
			"to": [ 8.14065, 9.15625, 8.71875 ],
			"faces": {
				"down": { "uv": [ 8.5625, 14.5, 8.875, 14.75 ], "texture": "#atlas" },
				"up": { "uv": [ 8.0625, 9.875, 8.375, 10.1875 ], "texture": "#atlas" },
				"north": { "uv": [ 13.0625, 14.875, 13.375, 15 ], "texture": "#atlas" },
				"south": { "uv": [ 14.9375, 14.875, 15.25, 15 ], "texture": "#atlas" },
				"west": { "uv": [ 14.625, 14.75, 14.875, 14.875 ], "texture": "#atlas" },
				"east": { "uv": [ 13.375, 14.875, 13.6875, 15 ], "texture": "#atlas" }
			}
		},
		{
			"__comment": "Box1",
			"from": [ 8.1251, 9.25, 8.4375 ],
			"to": [ 8.1876, 9.375, 8.71875 ],
			"rotation": { "origin": [ 8.15625, 9.25, 8.4375 ], "axis": "z", "angle": 22.5 },
			"faces": {
				"down": { "uv": [ 9.25, 9, 9.3125, 9.25 ], "texture": "#atlas" },
				"up": { "uv": [ 9.0625, 8.4375, 9.125, 8.75 ], "texture": "#atlas" },
				"north": { "uv": [ 9.25, 9.875, 9.3125, 10 ], "texture": "#atlas" },
				"south": { "uv": [ 9.25, 8.625, 9.3125, 8.75 ], "texture": "#atlas" },
				"west": { "uv": [ 1.5, 9.75, 1.75, 9.875 ], "texture": "#atlas" },
				"east": { "uv": [ 13.6875, 14.875, 14, 15 ], "texture": "#atlas" }
			}
		},
		{
			"__comment": "Box1",
			"from": [ 7.875, 9.0938, 8.4375 ],
			"to": [ 7.9375, 9.2813, 8.71875 ],
			"rotation": { "origin": [ 7.90625, 9.09375, 8.4375 ], "axis": "z", "angle": 22.5 },
			"faces": {
				"down": { "uv": [ 9.1875, 9, 9.25, 9.25 ], "texture": "#atlas" },
				"up": { "uv": [ 9.0625, 8.75, 9.125, 9.0625 ], "texture": "#atlas" },
				"north": { "uv": [ 9.25, 14.25, 9.3125, 14.4375 ], "texture": "#atlas" },
				"south": { "uv": [ 9.25, 8.3125, 9.3125, 8.5 ], "texture": "#atlas" },
				"west": { "uv": [ 6.3125, 9.75, 6.5625, 9.9375 ], "texture": "#atlas" },
				"east": { "uv": [ 8.5625, 9.5625, 8.875, 9.75 ], "texture": "#atlas" }
			}
		},
		{
			"__comment": "Box1",
			"from": [ 8, 9.375, 8.4375 ],
			"to": [ 8.125, 9.4375, 8.71875 ],
			"rotation": { "origin": [ 8, 9.40625, 8.4375 ], "axis": "z", "angle": -22.5 },
			"faces": {
				"down": { "uv": [ 8.875, 9.8125, 9, 10.0625 ], "texture": "#atlas" },
				"up": { "uv": [ 8.3125, 15, 8.4375, 15.3125 ], "texture": "#atlas" },
				"north": { "uv": [ 7.3125, 12.4375, 7.4375, 12.5 ], "texture": "#atlas" },
				"south": { "uv": [ 8.3125, 11.4375, 8.4375, 11.5 ], "texture": "#atlas" },
				"west": { "uv": [ 9.3125, 14.6875, 9.5625, 14.75 ], "texture": "#atlas" },
				"east": { "uv": [ 12.5625, 15, 12.875, 15.0625 ], "texture": "#atlas" }
			}
		},
		{
			"__comment": "Box1",
			"from": [ 7.8125, 9.25, 8.4375 ],
			"to": [ 7.875, 9.375, 8.71875 ],
			"rotation": { "origin": [ 7.84375, 9.25, 8.4375 ], "axis": "z", "angle": -22.5 },
			"faces": {
				"down": { "uv": [ 9.125, 9, 9.1875, 9.25 ], "texture": "#atlas" },
				"up": { "uv": [ 9.0625, 10, 9.125, 10.3125 ], "texture": "#atlas" },
				"north": { "uv": [ 9.3125, 14.0625, 9.375, 14.1875 ], "texture": "#atlas" },
				"south": { "uv": [ 14.0625, 15.6875, 14.125, 15.8125 ], "texture": "#atlas" },
				"west": { "uv": [ 14.375, 14.75, 14.625, 14.875 ], "texture": "#atlas" },
				"east": { "uv": [ 14, 14.875, 14.3125, 15 ], "texture": "#atlas" }
			}
		},
		{
			"__comment": "Box1",
			"from": [ 7.9844, 9.156199, 8.5625 ],
			"to": [ 8.01565, 9.249949, 8.59375 ],
			"faces": {
				"down": { "uv": [ 8.8125, 10.0625, 8.875, 10.125 ], "texture": "#atlas" },
				"up": { "uv": [ 10.75, 15.0625, 10.8125, 15.125 ], "texture": "#atlas" },
				"north": { "uv": [ 6.9375, 8, 7, 8.125 ], "texture": "#atlas" },
				"south": { "uv": [ 9.0625, 8, 9.125, 8.125 ], "texture": "#atlas" },
				"west": { "uv": [ 9.25, 10.75, 9.3125, 10.875 ], "texture": "#atlas" },
				"east": { "uv": [ 9.25, 10.625, 9.3125, 10.75 ], "texture": "#atlas" }
			}
		},
		{
			"__comment": "Box1",
			"from": [ 7.875, 9.375, 8.4375 ],
			"to": [ 8, 9.4375, 8.71875 ],
			"rotation": { "origin": [ 8, 9.40625, 8.4375 ], "axis": "z", "angle": 22.5 },
			"faces": {
				"down": { "uv": [ 8.75, 9.8125, 8.875, 10.0625 ], "texture": "#atlas" },
				"up": { "uv": [ 8.3125, 13.3125, 8.4375, 13.625 ], "texture": "#atlas" },
				"north": { "uv": [ 7.5625, 12.4375, 7.6875, 12.5 ], "texture": "#atlas" },
				"south": { "uv": [ 8.75, 13.25, 8.875, 13.3125 ], "texture": "#atlas" },
				"west": { "uv": [ 9.5625, 14.6875, 9.8125, 14.75 ], "texture": "#atlas" },
				"east": { "uv": [ 15.6875, 15, 16, 15.0625 ], "texture": "#atlas" }
			}
		},
		{
			"__comment": "Box1",
			"from": [ 7.8594, 7.4375, 5.7812 ],
			"to": [ 8.14065, 7.71875, 6.2187 ],
			"faces": {
				"down": { "uv": [ 7.3125, 11.375, 7.625, 11.8125 ], "texture": "#atlas" },
				"up": { "uv": [ 4.25, 12.5625, 4.5625, 13 ], "texture": "#atlas" },
				"north": { "uv": [ 8.5625, 14.25, 8.875, 14.5 ], "texture": "#atlas" },
				"south": { "uv": [ 8.5625, 14, 8.875, 14.25 ], "texture": "#atlas" },
				"west": { "uv": [ 6.875, 11.8125, 7.3125, 12.0625 ], "texture": "#atlas" },
				"east": { "uv": [ 7.3125, 11.8125, 7.75, 12.0625 ], "texture": "#atlas" }
			}
		},
		{
			"__comment": "Box1",
			"from": [ 8.1875, 8.781199, 8.0938 ],
			"to": [ 8.375, 8.874949, 8.18755 ],
			"faces": {
				"down": { "uv": [ 9.125, 11.125, 9.3125, 11.25 ], "texture": "#atlas" },
				"up": { "uv": [ 12.6875, 15.0625, 12.875, 15.125 ], "texture": "#atlas" },
				"north": { "uv": [ 9.125, 11.25, 9.3125, 11.375 ], "texture": "#atlas" },
				"south": { "uv": [ 9.125, 11.375, 9.3125, 11.5 ], "texture": "#atlas" },
				"west": { "uv": [ 9.1875, 9.375, 9.3125, 9.5 ], "texture": "#atlas" },
				"east": { "uv": [ 9.3125, 13.8125, 9.375, 13.9375 ], "texture": "#atlas" }
			}
		},
		{
			"__comment": "Box1",
			"from": [ 7.8594, 9, 4.4375 ],
			"to": [ 8.14065, 9.0625, 4.5625 ],
			"faces": {
				"down": { "uv": [ 14.3125, 14.875, 14.625, 15 ], "texture": "#atlas" },
				"up": { "uv": [ 14.625, 14.875, 14.9375, 15 ], "texture": "#atlas" },
				"north": { "uv": [ 13.8125, 15, 14.125, 15.0625 ], "texture": "#atlas" },
				"south": { "uv": [ 13.375, 15.0625, 13.6875, 15.125 ], "texture": "#atlas" },
				"west": { "uv": [ 8.1875, 9, 8.3125, 9.0625 ], "texture": "#atlas" },
				"east": { "uv": [ 7.4375, 12.4375, 7.5625, 12.5 ], "texture": "#atlas" }
			}
		},
		{
			"__comment": "Box1",
			"from": [ 7.75, 7.4062, 6.2188 ],
			"to": [ 8.25, 8.3437, 6.93755 ],
			"rotation": { "origin": [ 8, 7.40625, 6.21875 ], "axis": "x", "angle": -22.5 },
			"faces": {
				"down": { "uv": [ 3, 12.5625, 3.5, 13.3125 ], "texture": "#atlas" },
				"up": { "uv": [ 5.1875, 10.5625, 5.6875, 11.25 ], "texture": "#atlas" },
				"north": { "uv": [ 4.6875, 10.3125, 5.1875, 11.25 ], "texture": "#atlas" },
				"south": { "uv": [ 5.0625, 11.625, 5.5625, 12.5625 ], "texture": "#atlas" },
				"west": { "uv": [ 1, 9.875, 1.75, 10.8125 ], "texture": "#atlas" },
				"east": { "uv": [ 4.875, 14.1875, 5.5625, 15.125 ], "texture": "#atlas" }
			}
		},
		{
			"__comment": "Box1",
			"from": [ 7.7505, 8.031199, 6.625 ],
			"to": [ 8.249499, 8.249999, 6.8438 ],
			"faces": {
				"down": { "uv": [ 7.8125, 10.875, 8.3125, 11.0625 ], "texture": "#atlas" },
				"up": { "uv": [ 5.125, 9.1875, 5.625, 9.4375 ], "texture": "#atlas" },
				"north": { "uv": [ 7.75, 11.875, 8.25, 12.125 ], "texture": "#atlas" },
				"south": { "uv": [ 5.9375, 8, 6.4375, 8.25 ], "texture": "#atlas" },
				"west": { "uv": [ 8.25, 8.375, 8.4375, 8.625 ], "texture": "#atlas" },
				"east": { "uv": [ 15.75, 15.75, 16, 16 ], "texture": "#atlas" }
			}
		},
		{
			"__comment": "Box1",
			"from": [ 7.75, 8.031199, 6.8438 ],
			"to": [ 8.25, 8.249949, 7.06255 ],
			"rotation": { "origin": [ 8, 8.03125, 6.84375 ], "axis": "x", "angle": -22.5 },
			"faces": {
				"down": { "uv": [ 5.1875, 9.4375, 5.6875, 9.6875 ], "texture": "#atlas" },
				"up": { "uv": [ 7.0625, 9.25, 7.5625, 9.4375 ], "texture": "#atlas" },
				"north": { "uv": [ 5.125, 8.6875, 5.625, 8.9375 ], "texture": "#atlas" },
				"south": { "uv": [ 5.125, 8.9375, 5.625, 9.1875 ], "texture": "#atlas" },
				"west": { "uv": [ 8.5625, 11.875, 8.8125, 12.125 ], "texture": "#atlas" },
				"east": { "uv": [ 8.875, 14.75, 9.0625, 15 ], "texture": "#atlas" }
			}
		},
		{
			"__comment": "Box1",
			"from": [ 7.75, 8.1875, 7.0625 ],
			"to": [ 8.25, 8.25, 8.84375 ],
			"faces": {
				"down": { "uv": [ 0.625, 8, 1.125, 9.75 ], "texture": "#atlas" },
				"up": { "uv": [ 3, 13.3125, 3.5, 15.125 ], "texture": "#atlas" },
				"north": { "uv": [ 7.6875, 12.4375, 8.1875, 12.5 ], "texture": "#atlas" },
				"south": { "uv": [ 7.75, 11.8125, 8.25, 11.875 ], "texture": "#atlas" },
				"west": { "uv": [ 14, 15.3125, 15.75, 15.375 ], "texture": "#atlas" },
				"east": { "uv": [ 10.4375, 15.3125, 12.25, 15.375 ], "texture": "#atlas" }
			}
		},
		{
			"__comment": "Box1",
			"from": [ 8.0156, 7.9375, 8.656199 ],
			"to": [ 8.1406, 8.2187, 8.843499 ],
			"rotation": { "origin": [ 8.1406, 7.9375, 8.656199 ], "axis": "z", "angle": -22.5 },
			"faces": {
				"down": { "uv": [ 8.9375, 8.25, 9.0625, 8.4375 ], "texture": "#atlas" },
				"up": { "uv": [ 8.9375, 8.4375, 9.0625, 8.625 ], "texture": "#atlas" },
				"north": { "uv": [ 8.3125, 13, 8.4375, 13.3125 ], "texture": "#atlas" },
				"south": { "uv": [ 8.3125, 11.5, 8.4375, 11.8125 ], "texture": "#atlas" },
				"west": { "uv": [ 8.25, 12.125, 8.4375, 12.4375 ], "texture": "#atlas" },
				"east": { "uv": [ 8.25, 10.1875, 8.4375, 10.5 ], "texture": "#atlas" }
			}
		},
		{
			"__comment": "Box1",
			"from": [ 7.8594, 7.9375, 8.656199 ],
			"to": [ 8.1406, 8.1875, 8.843599 ],
			"faces": {
				"down": { "uv": [ 8.5625, 9.1875, 8.875, 9.375 ], "texture": "#atlas" },
				"up": { "uv": [ 8.5625, 10.9375, 8.875, 11.125 ], "texture": "#atlas" },
				"north": { "uv": [ 8.5625, 14.75, 8.875, 15 ], "texture": "#atlas" },
				"south": { "uv": [ 1.75, 9.75, 2.0625, 10 ], "texture": "#atlas" },
				"west": { "uv": [ 8.875, 14, 9.0625, 14.25 ], "texture": "#atlas" },
				"east": { "uv": [ 8.875, 13.75, 9.0625, 14 ], "texture": "#atlas" }
			}
		},
		{
			"__comment": "Box1",
			"from": [ 7.8594, 7.9375, 8.656199 ],
			"to": [ 7.9844, 8.2187, 8.843499 ],
			"rotation": { "origin": [ 7.859375, 7.9375, 8.65625 ], "axis": "z", "angle": 22.5 },
			"faces": {
				"down": { "uv": [ 9.125, 14.4375, 9.25, 14.625 ], "texture": "#atlas" },
				"up": { "uv": [ 9.125, 11.5, 9.25, 11.6875 ], "texture": "#atlas" },
				"north": { "uv": [ 5.5625, 11.625, 5.6875, 11.875 ], "texture": "#atlas" },
				"south": { "uv": [ 8.875, 9.3125, 9, 9.5625 ], "texture": "#atlas" },
				"west": { "uv": [ 8.875, 13.5, 9.0625, 13.75 ], "texture": "#atlas" },
				"east": { "uv": [ 8.875, 13.25, 9.0625, 13.5 ], "texture": "#atlas" }
			}
		},
		{
			"__comment": "Box1",
			"from": [ 7.8594, 9.0625, 4.3438 ],
			"to": [ 8.14065, 9.125, 6.4688 ],
			"faces": {
				"down": { "uv": [ 4.25, 13, 4.5625, 15.125 ], "texture": "#atlas" },
				"up": { "uv": [ 4.5625, 13, 4.875, 15.125 ], "texture": "#atlas" },
				"north": { "uv": [ 14.75, 15, 15.0625, 15.0625 ], "texture": "#atlas" },
				"south": { "uv": [ 15.0625, 15, 15.375, 15.0625 ], "texture": "#atlas" },
				"west": { "uv": [ 8.4375, 15.4375, 10.5625, 15.5 ], "texture": "#atlas" },
				"east": { "uv": [ 10.5625, 15.4375, 12.6875, 15.5 ], "texture": "#atlas" }
			}
		},
		{
			"__comment": "Box1",
			"from": [ 8.2188, 8.25, 8.5 ],
			"to": [ 8.2813, 8.5, 8.65625 ],
			"faces": {
				"down": { "uv": [ 9.3125, 13.1875, 9.375, 13.3125 ], "texture": "#atlas" },
				"up": { "uv": [ 9.125, 8.125, 9.1875, 8.3125 ], "texture": "#atlas" },
				"north": { "uv": [ 9.1875, 8.75, 9.25, 9 ], "texture": "#atlas" },
				"south": { "uv": [ 9.25, 8.75, 9.3125, 9 ], "texture": "#atlas" },
				"west": { "uv": [ 8.875, 9.0625, 9, 9.3125 ], "texture": "#atlas" },
				"east": { "uv": [ 8.5625, 8.5625, 8.75, 8.8125 ], "texture": "#atlas" }
			}
		},
		{
			"__comment": "Box1",
			"from": [ 7.8969, 8.406199, 9 ],
			"to": [ 8.103149, 8.47495, 9.38125 ],
			"faces": {
				"down": { "uv": [ 8.5625, 13.25, 8.75, 13.625 ], "texture": "#atlas" },
				"up": { "uv": [ 6.3125, 9.9375, 6.5, 10.375 ], "texture": "#atlas" },
				"north": { "uv": [ 13.1875, 15.0625, 13.375, 15.125 ], "texture": "#atlas" },
				"south": { "uv": [ 12.1875, 15.0625, 12.375, 15.125 ], "texture": "#atlas" },
				"west": { "uv": [ 10.375, 15.0625, 10.75, 15.125 ], "texture": "#atlas" },
				"east": { "uv": [ 7.8125, 10.8125, 8.25, 10.875 ], "texture": "#atlas" }
			}
		},
		{
			"__comment": "Box1",
			"from": [ 8.2188, 8.25, 7.2188 ],
			"to": [ 8.2813, 8.5, 7.37505 ],
			"faces": {
				"down": { "uv": [ 9.25, 11.5, 9.3125, 11.6875 ], "texture": "#atlas" },
				"up": { "uv": [ 9.1875, 8, 9.25, 8.125 ], "texture": "#atlas" },
				"north": { "uv": [ 9, 9.8125, 9.0625, 10.0625 ], "texture": "#atlas" },
				"south": { "uv": [ 9, 9.5625, 9.0625, 9.8125 ], "texture": "#atlas" },
				"west": { "uv": [ 8.875, 12.75, 9.0625, 13 ], "texture": "#atlas" },
				"east": { "uv": [ 8.3125, 9, 8.4375, 9.25 ], "texture": "#atlas" }
			}
		},
		{
			"__comment": "Box1",
			"from": [ 7.7188, 8.25, 8.5 ],
			"to": [ 7.7813, 8.5, 8.65625 ],
			"faces": {
				"down": { "uv": [ 9.25, 8.5, 9.3125, 8.625 ], "texture": "#atlas" },
				"up": { "uv": [ 9.25, 11.8125, 9.3125, 12 ], "texture": "#atlas" },
				"north": { "uv": [ 9, 9.3125, 9.0625, 9.5625 ], "texture": "#atlas" },
				"south": { "uv": [ 9, 9.0625, 9.0625, 9.3125 ], "texture": "#atlas" },
				"west": { "uv": [ 8.75, 10.125, 8.875, 10.375 ], "texture": "#atlas" },
				"east": { "uv": [ 8.875, 12.5, 9.0625, 12.75 ], "texture": "#atlas" }
			}
		},
		{
			"__comment": "Box1",
			"from": [ 7.7188, 8.25, 7.2188 ],
			"to": [ 7.7813, 8.5, 7.37505 ],
			"faces": {
				"down": { "uv": [ 9.25, 12, 9.3125, 12.1875 ], "texture": "#atlas" },
				"up": { "uv": [ 9.25, 10.375, 9.3125, 10.5 ], "texture": "#atlas" },
				"north": { "uv": [ 9.125, 9.5, 9.1875, 9.75 ], "texture": "#atlas" },
				"south": { "uv": [ 9.1875, 9.5, 9.25, 9.75 ], "texture": "#atlas" },
				"west": { "uv": [ 8.875, 13, 9.0625, 13.25 ], "texture": "#atlas" },
				"east": { "uv": [ 8.75, 8.3125, 8.875, 8.5625 ], "texture": "#atlas" }
			}
		},
		{
			"__comment": "Box1",
			"from": [ 7.8125, 5.0938, 7.25 ],
			"to": [ 8.1875, 7.6563, 7.84375 ],
			"rotation": { "origin": [ 8, 5.09375, 7.25 ], "axis": "x", "angle": -22.5 },
			"faces": {
				"down": { "uv": [ 8.0625, 13.625, 8.4375, 14.1875 ], "texture": "#atlas" },
				"up": { "uv": [ 5.9375, 9.75, 6.3125, 10.375 ], "texture": "#atlas" },
				"north": { "uv": [ 2.625, 12.5625, 3, 15.125 ], "texture": "#atlas" },
				"south": { "uv": [ 1.625, 10.8125, 2, 13.375 ], "texture": "#atlas" },
				"west": { "uv": [ 2.0625, 12.5625, 2.625, 15.125 ], "texture": "#atlas" },
				"east": { "uv": [ 1, 10.8125, 1.625, 13.375 ], "texture": "#atlas" }
			}
		},
		{
			"__comment": "Box1",
			"from": [ 8.2813, 8.25, 7.125 ],
			"to": [ 8.3438, 8.5, 8.78125 ],
			"faces": {
				"down": { "uv": [ 7, 8.125, 7.0625, 9.75 ], "texture": "#atlas" },
				"up": { "uv": [ 6.875, 8.0625, 6.9375, 9.75 ], "texture": "#atlas" },
				"north": { "uv": [ 9.25, 9.5, 9.3125, 9.75 ], "texture": "#atlas" },
				"south": { "uv": [ 9.125, 9.25, 9.1875, 9.5 ], "texture": "#atlas" },
				"west": { "uv": [ 14.125, 15.75, 15.75, 16 ], "texture": "#atlas" },
				"east": { "uv": [ 3.4375, 8.9375, 5.125, 9.1875 ], "texture": "#atlas" }
			}
		},
		{
			"__comment": "Box1",
			"from": [ 7.8594, 9, 3.9062 ],
			"to": [ 8.14065, 9.1875, 4.2812 ],
			"faces": {
				"down": { "uv": [ 7.0625, 9.8125, 7.375, 10.1875 ], "texture": "#atlas" },
				"up": { "uv": [ 7.75, 9.8125, 8.0625, 10.1875 ], "texture": "#atlas" },
				"north": { "uv": [ 8.5625, 8.8125, 8.875, 9 ], "texture": "#atlas" },
				"south": { "uv": [ 8.5625, 9, 8.875, 9.1875 ], "texture": "#atlas" },
				"west": { "uv": [ 9.25, 15.0625, 9.625, 15.25 ], "texture": "#atlas" },
				"east": { "uv": [ 9.625, 15.0625, 10, 15.25 ], "texture": "#atlas" }
			}
		},
		{
			"__comment": "Box1",
			"from": [ 7.9688, 9.1875, 4 ],
			"to": [ 8.0313, 9.21875, 4.03125 ],
			"faces": {
				"down": { "uv": [ 8.75, 10.0625, 8.8125, 10.125 ], "texture": "#atlas" },
				"up": { "uv": [ 6.875, 8, 6.9375, 8.0625 ], "texture": "#atlas" },
				"north": { "uv": [ 6.8125, 8, 6.875, 8.0625 ], "texture": "#atlas" },
				"south": { "uv": [ 6.5, 10.4375, 6.5625, 10.5 ], "texture": "#atlas" },
				"west": { "uv": [ 10.0625, 14.6875, 10.125, 14.75 ], "texture": "#atlas" },
				"east": { "uv": [ 9, 8, 9.0625, 8.0625 ], "texture": "#atlas" }
			}
		},
		{
			"__comment": "Box1",
			"from": [ 7.9062, 9.1875, 4 ],
			"to": [ 7.9687, 9.25, 4.03125 ],
			"faces": {
				"down": { "uv": [ 8.9375, 8, 9, 8.0625 ], "texture": "#atlas" },
				"up": { "uv": [ 10.8125, 15.0625, 10.875, 15.125 ], "texture": "#atlas" },
				"north": { "uv": [ 15.125, 15.0625, 15.1875, 15.125 ], "texture": "#atlas" },
				"south": { "uv": [ 14.6875, 15.0625, 14.75, 15.125 ], "texture": "#atlas" },
				"west": { "uv": [ 13.8125, 15.0625, 13.875, 15.125 ], "texture": "#atlas" },
				"east": { "uv": [ 13.6875, 15.0625, 13.75, 15.125 ], "texture": "#atlas" }
			}
		},
		{
			"__comment": "Box1",
			"from": [ 7.8125, 8.6875, 3.5312 ],
			"to": [ 8.1875, 9, 4.06245 ],
			"faces": {
				"down": { "uv": [ 7.6875, 13.625, 8.0625, 14.1875 ], "texture": "#atlas" },
				"up": { "uv": [ 3.5, 12.5625, 3.875, 13.0625 ], "texture": "#atlas" },
				"north": { "uv": [ 7.5, 10.1875, 7.875, 10.5 ], "texture": "#atlas" },
				"south": { "uv": [ 7.875, 10.1875, 8.25, 10.5 ], "texture": "#atlas" },
				"west": { "uv": [ 0, 8, 0.5625, 8.3125 ], "texture": "#atlas" },
				"east": { "uv": [ 7.75, 12.125, 8.25, 12.4375 ], "texture": "#atlas" }
			}
		},
		{
			"__comment": "Box1",
			"from": [ 7.9062, 7.25, 0.2812 ],
			"to": [ 8.0937, 8.59375, 0.43745 ],
			"faces": {
				"down": { "uv": [ 8.875, 11.1875, 9.0625, 11.375 ], "texture": "#atlas" },
				"up": { "uv": [ 9.125, 14.625, 9.3125, 14.75 ], "texture": "#atlas" },
				"north": { "uv": [ 6.125, 10.375, 6.3125, 11.6875 ], "texture": "#atlas" },
				"south": { "uv": [ 3.125, 8.3125, 3.3125, 9.625 ], "texture": "#atlas" },
				"west": { "uv": [ 5.9375, 10.375, 6.125, 11.6875 ], "texture": "#atlas" },
				"east": { "uv": [ 3.3125, 8.3125, 3.4375, 9.625 ], "texture": "#atlas" }
			}
		},
		{
			"__comment": "Box1",
			"from": [ 7.8438, 8.156199, 2.9062 ],
			"to": [ 8.1563, 8.781199, 3.5312 ],
			"faces": {
				"down": { "uv": [ 4.375, 10.25, 4.6875, 10.875 ], "texture": "#atlas" },
				"up": { "uv": [ 6.5625, 11.8125, 6.875, 12.4375 ], "texture": "#atlas" },
				"north": { "uv": [ 8, 13, 8.3125, 13.625 ], "texture": "#atlas" },
				"south": { "uv": [ 7.6875, 13, 8, 13.625 ], "texture": "#atlas" },
				"west": { "uv": [ 5.9375, 14.25, 6.5625, 14.875 ], "texture": "#atlas" },
				"east": { "uv": [ 5.9375, 14.875, 6.5625, 15.5 ], "texture": "#atlas" }
			}
		},
		{
			"__comment": "Box1",
			"from": [ 7.8438, 7.0625, 0.2812 ],
			"to": [ 8.1563, 7.25, 3.24995 ],
			"rotation": { "origin": [ 8, 7.0625, 0.2812 ], "axis": "x", "angle": -22.5 },
			"faces": {
				"down": { "uv": [ 3.125, 9.625, 3.4375, 12.5625 ], "texture": "#atlas" },
				"up": { "uv": [ 2.8125, 9.625, 3.125, 12.5625 ], "texture": "#atlas" },
				"north": { "uv": [ 8.5625, 10.5625, 8.875, 10.75 ], "texture": "#atlas" },
				"south": { "uv": [ 8.5625, 9.375, 8.875, 9.5625 ], "texture": "#atlas" },
				"west": { "uv": [ 5.6875, 15.5, 8.625, 15.6875 ], "texture": "#atlas" },
				"east": { "uv": [ 11.1875, 15.8125, 14.125, 16 ], "texture": "#atlas" }
			}
		},
		{
			"__comment": "Box1",
			"from": [ 7.8438, 8.5938, 0.2812 ],
			"to": [ 8.1563, 8.7813, 2.9062 ],
			"faces": {
				"down": { "uv": [ 3.4375, 9.9375, 3.75, 12.5625 ], "texture": "#atlas" },
				"up": { "uv": [ 3.75, 9.9375, 4.0625, 12.5625 ], "texture": "#atlas" },
				"north": { "uv": [ 8.5625, 11.3125, 8.875, 11.5 ], "texture": "#atlas" },
				"south": { "uv": [ 4.8125, 8, 5.125, 8.1875 ], "texture": "#atlas" },
				"west": { "uv": [ 8.625, 15.5, 11.25, 15.6875 ], "texture": "#atlas" },
				"east": { "uv": [ 11.25, 15.5, 13.875, 15.6875 ], "texture": "#atlas" }
			}
		},
		{
			"__comment": "Box1",
			"from": [ 7.8438, 8.5625, 0.125 ],
			"to": [ 8.1563, 8.6875, 0.28125 ],
			"rotation": { "origin": [ 8, 8.6875, 0.28125 ], "axis": "x", "angle": -45 },
			"faces": {
				"down": { "uv": [ 15.25, 14.875, 15.5625, 15 ], "texture": "#atlas" },
				"up": { "uv": [ 15.5625, 14.875, 15.875, 15 ], "texture": "#atlas" },
				"north": { "uv": [ 9.0625, 14.75, 9.375, 14.875 ], "texture": "#atlas" },
				"south": { "uv": [ 9.375, 14.75, 9.6875, 14.875 ], "texture": "#atlas" },
				"west": { "uv": [ 9.1875, 9.25, 9.3125, 9.375 ], "texture": "#atlas" },
				"east": { "uv": [ 9.125, 8.625, 9.25, 8.75 ], "texture": "#atlas" }
			}
		},
		{
			"__comment": "Box1",
			"from": [ 7.9062, 8.531199, 1.6562 ],
			"to": [ 8.0937, 8.718699, 1.7812 ],
			"rotation": { "origin": [ 8, 8.53125, 1.65625 ], "axis": "x", "angle": 22.5 },
			"faces": {
				"down": { "uv": [ 9.125, 13.9375, 9.3125, 14.0625 ], "texture": "#atlas" },
				"up": { "uv": [ 9.125, 13.8125, 9.3125, 13.9375 ], "texture": "#atlas" },
				"north": { "uv": [ 8.875, 10.25, 9.0625, 10.4375 ], "texture": "#atlas" },
				"south": { "uv": [ 7.75, 8, 7.9375, 8.1875 ], "texture": "#atlas" },
				"west": { "uv": [ 9.125, 13.625, 9.25, 13.8125 ], "texture": "#atlas" },
				"east": { "uv": [ 9.125, 13.4375, 9.25, 13.625 ], "texture": "#atlas" }
			}
		},
		{
			"__comment": "Box1",
			"from": [ 7.9062, 7.8125, 1.625 ],
			"to": [ 8.0937, 8.59375, 1.78125 ],
			"faces": {
				"down": { "uv": [ 9.125, 13.3125, 9.3125, 13.4375 ], "texture": "#atlas" },
				"up": { "uv": [ 8.875, 12.3125, 9.0625, 12.5 ], "texture": "#atlas" },
				"north": { "uv": [ 6.5625, 11.0625, 6.75, 11.8125 ], "texture": "#atlas" },
				"south": { "uv": [ 6.3125, 10.9375, 6.5, 11.6875 ], "texture": "#atlas" },
				"west": { "uv": [ 5.5625, 14.375, 5.6875, 15.125 ], "texture": "#atlas" },
				"east": { "uv": [ 7.125, 11.0625, 7.3125, 11.8125 ], "texture": "#atlas" }
			}
		},
		{
			"__comment": "Box1",
			"from": [ 7.9062, 8.156199, 2.4375 ],
			"to": [ 8.0937, 8.593699, 2.90625 ],
			"faces": {
				"down": { "uv": [ 7.5625, 8.1875, 7.75, 8.625 ], "texture": "#atlas" },
				"up": { "uv": [ 6.3125, 10.4375, 6.5, 10.9375 ], "texture": "#atlas" },
				"north": { "uv": [ 6.3125, 9.3125, 6.5, 9.75 ], "texture": "#atlas" },
				"south": { "uv": [ 7.75, 8.1875, 7.9375, 8.625 ], "texture": "#atlas" },
				"west": { "uv": [ 7.5625, 14.1875, 8, 14.625 ], "texture": "#atlas" },
				"east": { "uv": [ 7.0625, 14.1875, 7.5625, 14.625 ], "texture": "#atlas" }
			}
		},
		{
			"__comment": "Box1",
			"from": [ 7.9062, 7.8125, 1.5 ],
			"to": [ 8.0937, 8.1875, 1.625 ],
			"rotation": { "origin": [ 8, 7.8125, 1.5 ], "axis": "x", "angle": 22.5 },
			"faces": {
				"down": { "uv": [ 9.125, 13.1875, 9.3125, 13.3125 ], "texture": "#atlas" },
				"up": { "uv": [ 9.125, 13.0625, 9.3125, 13.1875 ], "texture": "#atlas" },
				"north": { "uv": [ 8.25, 8, 8.4375, 8.375 ], "texture": "#atlas" },
				"south": { "uv": [ 8.5625, 13.625, 8.75, 14 ], "texture": "#atlas" },
				"west": { "uv": [ 6.4375, 8.75, 6.5625, 9.125 ], "texture": "#atlas" },
				"east": { "uv": [ 5.5625, 11.25, 5.6875, 11.625 ], "texture": "#atlas" }
			}
		},
		{
			"__comment": "Box1",
			"from": [ 7.9062, 8.125, 2.375 ],
			"to": [ 8.0937, 8.3125, 2.5 ],
			"rotation": { "origin": [ 8, 8.125, 2.375 ], "axis": "x", "angle": 22.5 },
			"faces": {
				"down": { "uv": [ 9.125, 12.9375, 9.3125, 13.0625 ], "texture": "#atlas" },
				"up": { "uv": [ 9.125, 12.8125, 9.3125, 12.9375 ], "texture": "#atlas" },
				"north": { "uv": [ 8.875, 11.5625, 9.0625, 11.75 ], "texture": "#atlas" },
				"south": { "uv": [ 8.875, 10.8125, 9.0625, 11 ], "texture": "#atlas" },
				"west": { "uv": [ 9.125, 12.625, 9.25, 12.8125 ], "texture": "#atlas" },
				"east": { "uv": [ 9.125, 12.4375, 9.25, 12.625 ], "texture": "#atlas" }
			}
		},
		{
			"__comment": "Box1",
			"from": [ 7.9062, 8.5, 2.4375 ],
			"to": [ 8.0937, 8.6875, 2.5625 ],
			"rotation": { "origin": [ 8, 8.5, 2.4375 ], "axis": "x", "angle": -22.5 },
			"faces": {
				"down": { "uv": [ 9.125, 12.3125, 9.3125, 12.4375 ], "texture": "#atlas" },
				"up": { "uv": [ 9.125, 12.1875, 9.3125, 12.3125 ], "texture": "#atlas" },
				"north": { "uv": [ 8.875, 10.625, 9.0625, 10.8125 ], "texture": "#atlas" },
				"south": { "uv": [ 8.875, 12.125, 9.0625, 12.3125 ], "texture": "#atlas" },
				"west": { "uv": [ 9.125, 12, 9.25, 12.1875 ], "texture": "#atlas" },
				"east": { "uv": [ 9.125, 11.8125, 9.25, 12 ], "texture": "#atlas" }
			}
		},
		{
			"__comment": "Box1",
			"from": [ 7.9062, 7.8125, 1.7188 ],
			"to": [ 8.0937, 7.96875, 1.9688 ],
			"rotation": { "origin": [ 8, 7.8125, 1.96875 ], "axis": "x", "angle": 22.5 },
			"faces": {
				"down": { "uv": [ 8.5625, 8.0625, 8.75, 8.3125 ], "texture": "#atlas" },
				"up": { "uv": [ 8.5625, 8.3125, 8.75, 8.5625 ], "texture": "#atlas" },
				"north": { "uv": [ 8.875, 11.9375, 9.0625, 12.125 ], "texture": "#atlas" },
				"south": { "uv": [ 8.875, 11.75, 9.0625, 11.9375 ], "texture": "#atlas" },
				"west": { "uv": [ 6.3125, 12.375, 6.5625, 12.5625 ], "texture": "#atlas" },
				"east": { "uv": [ 15.75, 15.5, 16, 15.6875 ], "texture": "#atlas" }
			}
		},
		{
			"__comment": "Box1",
			"from": [ 7.9062, 7.6875, 1.3438 ],
			"to": [ 8.0937, 8.0625, 1.50005 ],
			"rotation": { "origin": [ 8, 7.6875, 1.34375 ], "axis": "x", "angle": 45 },
			"faces": {
				"down": { "uv": [ 8.875, 10.0625, 9.0625, 10.25 ], "texture": "#atlas" },
				"up": { "uv": [ 9.125, 11.6875, 9.3125, 11.8125 ], "texture": "#atlas" },
				"north": { "uv": [ 8.5625, 12.5, 8.75, 12.875 ], "texture": "#atlas" },
				"south": { "uv": [ 8.5625, 12.125, 8.75, 12.5 ], "texture": "#atlas" },
				"west": { "uv": [ 8.5625, 12.875, 8.75, 13.25 ], "texture": "#atlas" },
				"east": { "uv": [ 6.4375, 8.3125, 6.5625, 8.6875 ], "texture": "#atlas" }
			}
		},
		{
			"__comment": "Box1",
			"from": [ 7.9062, 7.9375, 1.7812 ],
			"to": [ 8.0937, 8.15625, 1.87495 ],
			"rotation": { "origin": [ 8, 7.9375, 1.78125 ], "axis": "x", "angle": -22.5 },
			"faces": {
				"down": { "uv": [ 9.125, 11, 9.3125, 11.125 ], "texture": "#atlas" },
				"up": { "uv": [ 7.8125, 11.0625, 8, 11.125 ], "texture": "#atlas" },
				"north": { "uv": [ 7.5625, 8, 7.75, 8.1875 ], "texture": "#atlas" },
				"south": { "uv": [ 8.875, 10.4375, 9.0625, 10.625 ], "texture": "#atlas" },
				"west": { "uv": [ 5.5625, 14.1875, 5.6875, 14.375 ], "texture": "#atlas" },
				"east": { "uv": [ 9.1875, 8.3125, 9.25, 8.5 ], "texture": "#atlas" }
			}
		},
		{
			"__comment": "Box1",
			"from": [ 7.9062, 8.5, 1.625 ],
			"to": [ 8.0937, 8.6875, 1.75 ],
			"rotation": { "origin": [ 8, 8.5, 1.625 ], "axis": "x", "angle": -22.5 },
			"faces": {
				"down": { "uv": [ 15.4375, 14.75, 15.625, 14.875 ], "texture": "#atlas" },
				"up": { "uv": [ 15.8125, 14.75, 16, 14.875 ], "texture": "#atlas" },
				"north": { "uv": [ 8.875, 11, 9.0625, 11.1875 ], "texture": "#atlas" },
				"south": { "uv": [ 8.875, 11.375, 9.0625, 11.5625 ], "texture": "#atlas" },
				"west": { "uv": [ 9.125, 14.25, 9.25, 14.4375 ], "texture": "#atlas" },
				"east": { "uv": [ 9.125, 14.0625, 9.25, 14.25 ], "texture": "#atlas" }
			}
		},
		{
			"__comment": "Box1",
			"from": [ 7.875, 7.0938, 0.0625 ],
			"to": [ 8.125, 8.75005, 0.125 ],
			"faces": {
				"down": { "uv": [ 15.5, 15.6875, 15.75, 15.75 ], "texture": "#atlas" },
				"up": { "uv": [ 15.75, 15.6875, 16, 15.75 ], "texture": "#atlas" },
				"north": { "uv": [ 5.6875, 12.0625, 5.9375, 13.75 ], "texture": "#atlas" },
				"south": { "uv": [ 5.6875, 8.6875, 5.9375, 10.375 ], "texture": "#atlas" },
				"west": { "uv": [ 2.375, 8.125, 2.4375, 9.8125 ], "texture": "#atlas" },
				"east": { "uv": [ 2.75, 8.125, 2.8125, 9.8125 ], "texture": "#atlas" }
			}
		},
		{
			"__comment": "Box1",
			"from": [ 7.8438, 7.3125, 0.1875 ],
			"to": [ 8.1563, 7.4375, 0.34375 ],
			"rotation": { "origin": [ 8, 7.3125, 0.1875 ], "axis": "x", "angle": 45 },
			"faces": {
				"down": { "uv": [ 9.6875, 14.75, 10, 14.875 ], "texture": "#atlas" },
				"up": { "uv": [ 8.5625, 11.125, 8.875, 11.3125 ], "texture": "#atlas" },
				"north": { "uv": [ 10, 14.75, 10.3125, 14.875 ], "texture": "#atlas" },
				"south": { "uv": [ 10.3125, 14.75, 10.625, 14.875 ], "texture": "#atlas" },
				"west": { "uv": [ 9.125, 10.875, 9.25, 11 ], "texture": "#atlas" },
				"east": { "uv": [ 15.25, 14.75, 15.4375, 14.875 ], "texture": "#atlas" }
			}
		},
		{
			"__comment": "Box1",
			"from": [ 7.8438, 7.0625, -0.0938 ],
			"to": [ 8.1563, 8.78125, 0.06245 ],
			"faces": {
				"down": { "uv": [ 13.1875, 15, 13.5, 15.0625 ], "texture": "#atlas" },
				"up": { "uv": [ 12.25, 15, 12.5625, 15.0625 ], "texture": "#atlas" },
				"north": { "uv": [ 4.0625, 10.875, 4.375, 12.5625 ], "texture": "#atlas" },
				"south": { "uv": [ 4.375, 10.875, 4.6875, 12.5625 ], "texture": "#atlas" },
				"west": { "uv": [ 6.8125, 8.0625, 6.875, 9.75 ], "texture": "#atlas" },
				"east": { "uv": [ 6.75, 8.0625, 6.8125, 9.75 ], "texture": "#atlas" }
			}
		},
		{
			"__comment": "Box1",
			"from": [ 7.8438, 7.0625, 0.125 ],
			"to": [ 8.1563, 8.78125, 0.28125 ],
			"faces": {
				"down": { "uv": [ 10.625, 14.75, 10.9375, 14.875 ], "texture": "#atlas" },
				"up": { "uv": [ 8.5625, 10.375, 8.875, 10.5625 ], "texture": "#atlas" },
				"north": { "uv": [ 2.4375, 8.125, 2.75, 9.8125 ], "texture": "#atlas" },
				"south": { "uv": [ 2.0625, 8.125, 2.375, 9.8125 ], "texture": "#atlas" },
				"west": { "uv": [ 7.5625, 12.5, 7.6875, 14.1875 ], "texture": "#atlas" },
				"east": { "uv": [ 6.3125, 12.5625, 6.5, 14.25 ], "texture": "#atlas" }
			}
		},
		{
			"__comment": "Box1",
			"from": [ 7.6563, 8.25, 7.125 ],
			"to": [ 7.7188, 8.5, 8.78125 ],
			"faces": {
				"down": { "uv": [ 6.5, 12.5625, 6.5625, 14.25 ], "texture": "#atlas" },
				"up": { "uv": [ 6.9375, 8.125, 7, 9.75 ], "texture": "#atlas" },
				"north": { "uv": [ 8.4375, 12.75, 8.375, 12.5 ], "texture": "#atlas" },
				"south": { "uv": [ 8.4375, 13, 8.375, 12.75 ], "texture": "#atlas" },
				"west": { "uv": [ 3.4375, 8.1875, 5.0625, 8.4375 ], "texture": "#atlas", "rotation": 180 },
				"east": { "uv": [ 3.4375, 8.4375, 5.125, 8.6875 ], "texture": "#atlas", "rotation": 180 }
			}
		},
		{
			"__comment": "Box1",
			"from": [ 7.9656, 8.4407, 9 ],
			"to": [ 8.03435, 8.543824, 9.38125 ],
			"rotation": { "origin": [ 7.965625, 8.54375, 9 ], "axis": "z", "angle": -45 },
			"faces": {
				"down": { "uv": [ 9.0625, 13.25, 9.125, 13.625 ], "texture": "#atlas" },
				"up": { "uv": [ 8.5, 8.875, 8.5625, 9.3125 ], "texture": "#atlas" },
				"north": { "uv": [ 9.3125, 13.6875, 9.375, 13.8125 ], "texture": "#atlas" },
				"south": { "uv": [ 9.3125, 13.5625, 9.375, 13.6875 ], "texture": "#atlas" },
				"west": { "uv": [ 2.0625, 8, 2.4375, 8.125 ], "texture": "#atlas" },
				"east": { "uv": [ 14.3125, 15.125, 14.75, 15.25 ], "texture": "#atlas" }
			}
		},
		{
			"__comment": "Box1",
			"from": [ 7.9656, 8.3375, 9 ],
			"to": [ 8.03435, 8.54375, 9.38125 ],
			"faces": {
				"down": { "uv": [ 9.0625, 13.625, 9.125, 14 ], "texture": "#atlas" },
				"up": { "uv": [ 5.625, 12.875, 5.6875, 13.3125 ], "texture": "#atlas" },
				"north": { "uv": [ 9.1875, 8.125, 9.25, 8.3125 ], "texture": "#atlas" },
				"south": { "uv": [ 9.25, 8.125, 9.3125, 8.3125 ], "texture": "#atlas" },
				"west": { "uv": [ 8.875, 15.0625, 9.25, 15.25 ], "texture": "#atlas" },
				"east": { "uv": [ 8, 8.8125, 8.4375, 9 ], "texture": "#atlas" }
			}
		},
		{
			"__comment": "Box1",
			"from": [ 7.9656, 8.3375, 9 ],
			"to": [ 8.03435, 8.440624, 9.38125 ],
			"rotation": { "origin": [ 7.965631, 8.3375, 9 ], "axis": "z", "angle": 45 },
			"faces": {
				"down": { "uv": [ 9.0625, 14, 9.125, 14.375 ], "texture": "#atlas" },
				"up": { "uv": [ 6.5, 10.5, 6.5625, 10.9375 ], "texture": "#atlas" },
				"north": { "uv": [ 9.3125, 12.6875, 9.375, 12.8125 ], "texture": "#atlas" },
				"south": { "uv": [ 9.25, 10.25, 9.3125, 10.375 ], "texture": "#atlas" },
				"west": { "uv": [ 15.625, 15.125, 16, 15.25 ], "texture": "#atlas" },
				"east": { "uv": [ 14.75, 15.125, 15.1875, 15.25 ], "texture": "#atlas" }
			}
		},
		{
			"__comment": "Box1",
			"from": [ 8.0344, 8.474999, 9 ],
			"to": [ 8.137525, 8.54375, 9.38125 ],
			"rotation": { "origin": [ 8.034375, 8.54375, 9 ], "axis": "z", "angle": -45 },
			"faces": {
				"down": { "uv": [ 13.875, 15.125, 14.3125, 15.25 ], "texture": "#atlas", "rotation": 90 },
				"up": { "uv": [ 10.1875, 15, 9.8125, 14.875 ], "texture": "#atlas", "rotation": 270 },
				"north": { "uv": [ 9.1875, 8.125, 9.125, 8 ], "texture": "#atlas", "rotation": 90 },
				"south": { "uv": [ 9.3125, 8.125, 9.25, 8 ], "texture": "#atlas", "rotation": 270 },
				"west": { "uv": [ 9.125, 14.75, 9.0625, 14.375 ], "texture": "#atlas", "rotation": 270 },
				"east": { "uv": [ 8.5, 8, 8.5625, 8.4375 ], "texture": "#atlas", "rotation": 90 }
			}
		},
		{
			"__comment": "Box1",
			"from": [ 7.9656, 8.337399, 9 ],
			"to": [ 8.03435, 8.440524, 9.38125 ],
			"rotation": { "origin": [ 8.034319, 8.337555, 9 ], "axis": "z", "angle": -45 },
			"faces": {
				"down": { "uv": [ 7.0625, 11.0625, 7.125, 11.4375 ], "texture": "#atlas" },
				"up": { "uv": [ 8.5, 9.3125, 8.5625, 9.75 ], "texture": "#atlas" },
				"north": { "uv": [ 8.9375, 8.1875, 9, 8.25 ], "texture": "#atlas" },
				"south": { "uv": [ 8.875, 8, 8.9375, 8.0625 ], "texture": "#atlas" },
				"west": { "uv": [ 8.0625, 9.8125, 8.4375, 9.875 ], "texture": "#atlas" },
				"east": { "uv": [ 8, 14.1875, 8.4375, 14.25 ], "texture": "#atlas" }
			}
		},
		{
			"__comment": "Box1",
			"from": [ 7.9688, 8.3438, 7.125 ],
			"to": [ 8.0313, 8.5313, 9 ],
			"faces": {
				"down": { "uv": [ 8.4375, 13.5, 8.5, 15.375 ], "texture": "#atlas" },
				"up": { "uv": [ 8.4375, 11.625, 8.5, 13.5 ], "texture": "#atlas" },
				"north": { "uv": [ 9.25, 13.4375, 9.3125, 13.625 ], "texture": "#atlas" },
				"south": { "uv": [ 9.25, 13.625, 9.3125, 13.8125 ], "texture": "#atlas" },
				"west": { "uv": [ 13.875, 15.5, 15.75, 15.6875 ], "texture": "#atlas" },
				"east": { "uv": [ 6.5625, 15.3125, 8.4375, 15.5 ], "texture": "#atlas" }
			}
		},
		{
			"__comment": "Box1",
			"from": [ 7.9687, 8.4376, 7.125 ],
			"to": [ 8.0312, 8.53135, 9 ],
			"rotation": { "origin": [ 7.96875, 8.53125, 7.125 ], "axis": "z", "angle": -45 },
			"faces": {
				"down": { "uv": [ 8.4375, 9.75, 8.5, 11.625 ], "texture": "#atlas" },
				"up": { "uv": [ 8.5, 13.5, 8.5625, 15.375 ], "texture": "#atlas" },
				"north": { "uv": [ 8.25, 10.8125, 8.3125, 10.875 ], "texture": "#atlas" },
				"south": { "uv": [ 6.5625, 8, 6.625, 8.0625 ], "texture": "#atlas" },
				"west": { "uv": [ 14.0625, 15.375, 15.9375, 15.4375 ], "texture": "#atlas" },
				"east": { "uv": [ 8.5625, 15.3125, 10.4375, 15.375 ], "texture": "#atlas" }
			}
		},
		{
			"__comment": "Box1",
			"from": [ 7.9063, 8.406199, 7.125 ],
			"to": [ 8.0938, 8.468699, 9 ],
			"faces": {
				"down": { "uv": [ 6.125, 12.375, 6.3125, 14.25 ], "texture": "#atlas" },
				"up": { "uv": [ 5.9375, 12.375, 6.125, 14.25 ], "texture": "#atlas" },
				"north": { "uv": [ 11.1875, 15.0625, 11.375, 15.125 ], "texture": "#atlas" },
				"south": { "uv": [ 15.8125, 15.4375, 16, 15.5 ], "texture": "#atlas" },
				"west": { "uv": [ 12.1875, 15.375, 14.0625, 15.4375 ], "texture": "#atlas" },
				"east": { "uv": [ 8.4375, 15.375, 10.3125, 15.4375 ], "texture": "#atlas" }
			}
		},
		{
			"__comment": "Box1",
			"from": [ 7.9688, 8.3438, 7.125 ],
			"to": [ 8.0313, 8.43755, 9 ],
			"rotation": { "origin": [ 7.968756, 8.34375, 7.125 ], "axis": "z", "angle": 45 },
			"faces": {
				"down": { "uv": [ 6.6875, 8.9375, 6.75, 10.8125 ], "texture": "#atlas" },
				"up": { "uv": [ 6.625, 8.9375, 6.6875, 10.8125 ], "texture": "#atlas" },
				"north": { "uv": [ 9.25, 10.875, 9.3125, 11 ], "texture": "#atlas" },
				"south": { "uv": [ 9.3125, 14.3125, 9.375, 14.4375 ], "texture": "#atlas" },
				"west": { "uv": [ 11.1875, 15.6875, 13.0625, 15.8125 ], "texture": "#atlas" },
				"east": { "uv": [ 6.5625, 14.875, 8.4375, 15 ], "texture": "#atlas" }
			}
		},
		{
			"__comment": "Box1",
			"from": [ 8.031199, 8.468699, 7.125 ],
			"to": [ 8.124949, 8.531199, 9 ],
			"rotation": { "origin": [ 8.03125, 8.53125, 7.125 ], "axis": "z", "angle": -45 },
			"faces": {
				"down": { "uv": [ 6.5625, 14.625, 8.4375, 14.75 ], "texture": "#atlas", "rotation": 90 },
				"up": { "uv": [ 8.4375, 14.875, 6.5625, 14.75 ], "texture": "#atlas", "rotation": 270 },
				"north": { "uv": [ 9.375, 13.4375, 9.3125, 13.3125 ], "texture": "#atlas", "rotation": 90 },
				"south": { "uv": [ 9.375, 13.0625, 9.3125, 12.9375 ], "texture": "#atlas", "rotation": 270 },
				"west": { "uv": [ 6.625, 10.8125, 6.5625, 8.9375 ], "texture": "#atlas", "rotation": 270 },
				"east": { "uv": [ 2, 11.5, 2.0625, 13.375 ], "texture": "#atlas", "rotation": 90 }
			}
		},
		{
			"__comment": "Box1",
			"from": [ 7.9687, 8.343699, 7.125 ],
			"to": [ 8.0312, 8.437449, 9 ],
			"rotation": { "origin": [ 8.031199, 8.3438, 7.125 ], "axis": "z", "angle": -45 },
			"faces": {
				"down": { "uv": [ 8.5, 11.625, 8.5625, 13.5 ], "texture": "#atlas" },
				"up": { "uv": [ 8.5, 9.75, 8.5625, 11.625 ], "texture": "#atlas" },
				"north": { "uv": [ 8.75, 8, 8.8125, 8.0625 ], "texture": "#atlas" },
				"south": { "uv": [ 8.8125, 8, 8.875, 8.0625 ], "texture": "#atlas" },
				"west": { "uv": [ 12.6875, 15.4375, 14.5625, 15.5 ], "texture": "#atlas" },
				"east": { "uv": [ 10.3125, 15.375, 12.1875, 15.4375 ], "texture": "#atlas" }
			}
		},
		{
			"__comment": "Box1",
			"from": [ 7.7344, 8.3125, 5.5938 ],
			"to": [ 7.76565, 8.625, 6.4688 ],
			"faces": {
				"down": { "uv": [ 2, 13.8125, 2.0625, 14.6875 ], "texture": "#atlas" },
				"up": { "uv": [ 5.625, 13.3125, 5.6875, 14.1875 ], "texture": "#atlas" },
				"north": { "uv": [ 9.0625, 9.6875, 9.125, 10 ], "texture": "#atlas" },
				"south": { "uv": [ 9.0625, 9.375, 9.125, 9.6875 ], "texture": "#atlas" },
				"west": { "uv": [ 7.4375, 15, 8.3125, 15.3125 ], "texture": "#atlas" },
				"east": { "uv": [ 6.5625, 15, 7.4375, 15.3125 ], "texture": "#atlas" }
			}
		},
		{
			"__comment": "Box1",
			"from": [ 7.7188, 8.2188, 3.4688 ],
			"to": [ 7.87505, 8.87505, 3.56255 ],
			"faces": {
				"down": { "uv": [ 14.875, 14.75, 15.0625, 14.875 ], "texture": "#atlas" },
				"up": { "uv": [ 15.8125, 15.25, 16, 15.3125 ], "texture": "#atlas" },
				"north": { "uv": [ 7.1875, 8.3125, 7.3125, 9 ], "texture": "#atlas" },
				"south": { "uv": [ 6.375, 11.6875, 6.5625, 12.375 ], "texture": "#atlas" },
				"west": { "uv": [ 5.5625, 8, 5.6875, 8.6875 ], "texture": "#atlas" },
				"east": { "uv": [ 2, 10.8125, 2.0625, 11.5 ], "texture": "#atlas" }
			}
		},
		{
			"__comment": "Box1",
			"from": [ 7.7188, 8.2188, 3.4688 ],
			"to": [ 7.87505, 8.87505, 3.56255 ],
			"rotation": { "origin": [ 7.71875, 8.21875, 3.46875 ], "axis": "y", "angle": 22.5 },
			"faces": {
				"down": { "uv": [ 8.875, 8.0625, 9.0625, 8.1875 ], "texture": "#atlas" },
				"up": { "uv": [ 11.6875, 15.0625, 11.875, 15.125 ], "texture": "#atlas" },
				"north": { "uv": [ 7.0625, 8.3125, 7.1875, 9 ], "texture": "#atlas" },
				"south": { "uv": [ 7.625, 11.125, 7.8125, 11.8125 ], "texture": "#atlas" },
				"west": { "uv": [ 5.5625, 11.875, 5.6875, 12.5625 ], "texture": "#atlas" },
				"east": { "uv": [ 5.875, 8, 5.9375, 8.6875 ], "texture": "#atlas" }
			}
		},
		{
			"__comment": "Box1",
			"from": [ 7.9688, 9.375, 8.4375 ],
			"to": [ 8.0313, 9.4375, 8.71875 ],
			"faces": {
				"down": { "uv": [ 8.8125, 11.875, 8.875, 12.125 ], "texture": "#atlas" },
				"up": { "uv": [ 9.0625, 9.0625, 9.125, 9.375 ], "texture": "#atlas" },
				"north": { "uv": [ 10.125, 14.6875, 10.1875, 14.75 ], "texture": "#atlas" },
				"south": { "uv": [ 10.1875, 14.6875, 10.25, 14.75 ], "texture": "#atlas" },
				"west": { "uv": [ 15.75, 15.3125, 16, 15.375 ], "texture": "#atlas" },
				"east": { "uv": [ 13.5, 15, 13.8125, 15.0625 ], "texture": "#atlas" }
			}
		},
		{
			"__comment": "Box1",
			"from": [ 7.75, 8.25, 3.5312 ],
			"to": [ 8.25, 8.6875, 7.12495 ],
			"faces": {
				"down": { "uv": [ 0, 9.75, 0.5, 13.375 ], "texture": "#atlas" },
				"up": { "uv": [ 0.5, 9.8125, 1, 13.375 ], "texture": "#atlas" },
				"north": { "uv": [ 5.9375, 8.25, 6.4375, 8.6875 ], "texture": "#atlas" },
				"south": { "uv": [ 5.9375, 8.6875, 6.4375, 9.125 ], "texture": "#atlas" },
				"west": { "uv": [ 2.0625, 15.5625, 5.6875, 16 ], "texture": "#atlas" },
				"east": { "uv": [ 2.0625, 15.125, 5.625, 15.5625 ], "texture": "#atlas" }
			}
		},
		{
			"__comment": "Box1",
			"from": [ 7.6875, 8.25, 5.5312 ],
			"to": [ 7.75, 8.6875, 5.5937 ],
			"faces": {
				"down": { "uv": [ 15.9375, 15.375, 16, 15.4375 ], "texture": "#atlas" },
				"up": { "uv": [ 8.75, 12.5, 8.8125, 12.5625 ], "texture": "#atlas" },
				"north": { "uv": [ 8.875, 8.1875, 8.9375, 8.625 ], "texture": "#atlas" },
				"south": { "uv": [ 9, 8.625, 9.0625, 9.0625 ], "texture": "#atlas" },
				"west": { "uv": [ 5.625, 15.125, 5.6875, 15.5625 ], "texture": "#atlas" },
				"east": { "uv": [ 2, 13.375, 2.0625, 13.8125 ], "texture": "#atlas" }
			}
		},
		{
			"__comment": "Box1",
			"from": [ 7.6875, 8.25, 6.4688 ],
			"to": [ 7.75, 8.6875, 6.5313 ],
			"faces": {
				"down": { "uv": [ 8.8125, 9.75, 8.875, 9.8125 ], "texture": "#atlas" },
				"up": { "uv": [ 15.5625, 15.0625, 15.625, 15.125 ], "texture": "#atlas" },
				"north": { "uv": [ 6.5, 11.25, 6.5625, 11.6875 ], "texture": "#atlas" },
				"south": { "uv": [ 6.5, 9.3125, 6.5625, 9.75 ], "texture": "#atlas" },
				"west": { "uv": [ 8.875, 8.625, 8.9375, 9.0625 ], "texture": "#atlas" },
				"east": { "uv": [ 8.9375, 8.625, 9, 9.0625 ], "texture": "#atlas" }
			}
		},
		{
			"__comment": "Box1",
			"from": [ 7.6875, 8.25, 5.5938 ],
			"to": [ 7.75, 8.3125, 6.4688 ],
			"faces": {
				"down": { "uv": [ 6.6875, 8.0625, 6.75, 8.9375 ], "texture": "#atlas" },
				"up": { "uv": [ 8.4375, 8.875, 8.5, 9.75 ], "texture": "#atlas" },
				"north": { "uv": [ 14.1875, 15.0625, 14.25, 15.125 ], "texture": "#atlas" },
				"south": { "uv": [ 14.25, 15.0625, 14.3125, 15.125 ], "texture": "#atlas" },
				"west": { "uv": [ 9.75, 15, 10.625, 15.0625 ], "texture": "#atlas" },
				"east": { "uv": [ 14.125, 15.6875, 15, 15.75 ], "texture": "#atlas" }
			}
		},
		{
			"__comment": "Box1",
			"from": [ 7.6875, 8.625, 5.5938 ],
			"to": [ 7.75, 8.6875, 6.4688 ],
			"faces": {
				"down": { "uv": [ 6.5625, 8.0625, 6.625, 8.9375 ], "texture": "#atlas" },
				"up": { "uv": [ 6.625, 8.0625, 6.6875, 8.9375 ], "texture": "#atlas" },
				"north": { "uv": [ 15.5, 15.0625, 15.5625, 15.125 ], "texture": "#atlas" },
				"south": { "uv": [ 10.25, 14.6875, 10.3125, 14.75 ], "texture": "#atlas" },
				"west": { "uv": [ 14.5625, 15.4375, 15.4375, 15.5 ], "texture": "#atlas" },
				"east": { "uv": [ 8.875, 15, 9.75, 15.0625 ], "texture": "#atlas" }
			}
		},
		{
			"__comment": "Box1",
			"from": [ 7.75, 8.125, 3.5312 ],
			"to": [ 8.25, 8.25, 3.99995 ],
			"faces": {
				"down": { "uv": [ 5.1875, 10.0625, 5.6875, 10.5625 ], "texture": "#atlas" },
				"up": { "uv": [ 6.5625, 14.1875, 7.0625, 14.625 ], "texture": "#atlas" },
				"north": { "uv": [ 10.875, 15.125, 11.375, 15.25 ], "texture": "#atlas" },
				"south": { "uv": [ 11.375, 15.125, 11.875, 15.25 ], "texture": "#atlas" },
				"west": { "uv": [ 11.875, 15.125, 12.375, 15.25 ], "texture": "#atlas" },
				"east": { "uv": [ 15.1875, 15.125, 15.625, 15.25 ], "texture": "#atlas" }
			}
		},
		{
			"__comment": "Box1",
			"from": [ 7.75, 8.0938, 4.5 ],
			"to": [ 8.25, 8.2188, 4.625 ],
			"rotation": { "origin": [ 8, 8.09375, 4.5 ], "axis": "x", "angle": 45 },
			"faces": {
				"down": { "uv": [ 12.375, 15.125, 12.875, 15.25 ], "texture": "#atlas" },
				"up": { "uv": [ 12.875, 15.125, 13.375, 15.25 ], "texture": "#atlas" },
				"north": { "uv": [ 13.375, 15.125, 13.875, 15.25 ], "texture": "#atlas" },
				"south": { "uv": [ 5.1875, 9.9375, 5.6875, 10.0625 ], "texture": "#atlas" },
				"west": { "uv": [ 9.125, 8.5, 9.25, 8.625 ], "texture": "#atlas" },
				"east": { "uv": [ 9.125, 10.75, 9.25, 10.875 ], "texture": "#atlas" }
			}
		}
	],
"display": {
    "thirdperson": {
        "rotation": [ -109, 0, 0 ],
        "translation": [ 0, 3.3, -3.5 ],
        "scale": [ 2, 2, 2 ]
    },
    "ground": {
        "rotation": [ 0, 0, 0 ],
        "translation": [ 0, -15, 0 ],
        "scale": [ 4, 4, 4 ]
    },
    "firstperson": {
        "rotation": [ 0, 133, 0 ],
        "translation": [ 0.1, 4.3, -4.7 ],
        "scale": [ 4, 4, 4 ]
    },
    "gui": {
        "rotation": [ -38, 40, 26 ],
        "translation": [ 0.6, 1.1, 1.2 ],
        "scale": [ 2, 2.43, 2.02 ]
    }
}
}