{
"__comment": "Designed by Kingmarnik with BDcraft Cubik PRO 0.93 Beta - http://bdcraft.net",
"textures": {
    "Flashbang": "items/Flashbang"
},
"elements": [ 
{
    "from": [ 7.5, 4, 6.5 ],
    "to": [ 8.5, 12, 9.5 ],
    "faces": {
        "down":  { "uv": [ 0.5, 1, 4, 16 ], "texture": "#Flashbang" },
        "up":    { "uv": [ 0.5, 1, 4, 16 ], "texture": "#Flashbang" },
        "north": { "uv": [ 0.5, 1, 4, 16 ], "texture": "#Flashbang" },
        "south": { "uv": [ 0.5, 1, 4, 16 ], "texture": "#Flashbang" },
        "west":  { "uv": [ 0.5, 1, 4, 16 ], "texture": "#Flashbang" },
        "east":  { "uv": [ 0.5, 1, 4, 16 ], "texture": "#Flashbang" }
    }
},
{
    "from": [ 7.25, 12, 6.125 ],
    "to": [ 8.75, 13.5, 9.875 ],
    "faces": {
        "down":  { "uv": [ 0, 0, 1.5, 1.5 ], "texture": "#Flashbang" },
        "up":    { "uv": [ 0, 0, 1.5, 1.5 ], "texture": "#Flashbang" },
        "north": { "uv": [ 0, 0, 1.5, 1.5 ], "texture": "#Flashbang" },
        "south": { "uv": [ 0, 0, 1.5, 1.5 ], "texture": "#Flashbang" },
        "west":  { "uv": [ 0, 0, 1.5, 1.5 ], "texture": "#Flashbang" },
        "east":  { "uv": [ 0, 0, 1.5, 1.5 ], "texture": "#Flashbang" }
    }
},
{
    "from": [ 6.125, 12, 7.25 ],
    "to": [ 9.875, 13.5, 8.75 ],
    "faces": {
        "down":  { "uv": [ 0, 0, 1.5, 1.5 ], "texture": "#Flashbang" },
        "up":    { "uv": [ 0, 0, 1.5, 1.5 ], "texture": "#Flashbang" },
        "north": { "uv": [ 0, 0, 1.5, 1.5 ], "texture": "#Flashbang" },
        "south": { "uv": [ 0, 0, 1.5, 1.5 ], "texture": "#Flashbang" },
        "west":  { "uv": [ 0, 0, 1.5, 1.5 ], "texture": "#Flashbang" },
        "east":  { "uv": [ 0, 0, 1.5, 1.5 ], "texture": "#Flashbang" }
    }
},
{
    "from": [ 6.125, 12, 7.25 ],
    "to": [ 7.625, 13.5, 11 ],
    "rotation": { "origin": [ 6.125, 12, 7.25 ], "axis": "y", "angle": 45 },
    "faces": {
        "down":  { "uv": [ 0, 0, 1.5, 1.5 ], "texture": "#Flashbang" },
        "up":    { "uv": [ 0, 0, 1.5, 1.5 ], "texture": "#Flashbang" },
        "north": { "uv": [ 0, 0, 1.5, 1.5 ], "texture": "#Flashbang" },
        "south": { "uv": [ 0, 0, 1.5, 1.5 ], "texture": "#Flashbang" },
        "west":  { "uv": [ 0, 0, 1.5, 1.5 ], "texture": "#Flashbang" },
        "east":  { "uv": [ 0, 0, 1.5, 1.5 ], "texture": "#Flashbang" }
    }
},
{
    "from": [ 8.75, 12, 6.125 ],
    "to": [ 10.25, 13.5, 9.875 ],
    "rotation": { "origin": [ 8.75, 12, 6.125 ], "axis": "y", "angle": -45 },
    "faces": {
        "down":  { "uv": [ 0, 0, 1.5, 1.5 ], "texture": "#Flashbang" },
        "up":    { "uv": [ 0, 0, 1.5, 1.5 ], "texture": "#Flashbang" },
        "north": { "uv": [ 0, 0, 1.5, 1.5 ], "texture": "#Flashbang" },
        "south": { "uv": [ 0, 0, 1.5, 1.5 ], "texture": "#Flashbang" },
        "west":  { "uv": [ 0, 0, 1.5, 1.5 ], "texture": "#Flashbang" },
        "east":  { "uv": [ 0, 0, 1.5, 1.5 ], "texture": "#Flashbang" }
    }
},
{
    "from": [ 6.5, 4, 7.5 ],
    "to": [ 9.5, 12, 8.5 ],
    "faces": {
        "down":  { "uv": [ 0.5, 1, 4, 16 ], "texture": "#Flashbang" },
        "up":    { "uv": [ 0.5, 1, 4, 16 ], "texture": "#Flashbang" },
        "north": { "uv": [ 0.5, 1, 4, 16 ], "texture": "#Flashbang" },
        "south": { "uv": [ 0.5, 1, 4, 16 ], "texture": "#Flashbang" },
        "west":  { "uv": [ 0.5, 1, 4, 16 ], "texture": "#Flashbang" },
        "east":  { "uv": [ 0.5, 1, 4, 16 ], "texture": "#Flashbang" }
    }
},
{
    "from": [ 7.5, 4, 6.5 ],
    "to": [ 10.33, 12, 7.9 ],
    "rotation": { "origin": [ 7.5, 4, 6.5 ], "axis": "y", "angle": -45 },
    "faces": {
        "down":  { "uv": [ 0.5, 1, 4, 16 ], "texture": "#Flashbang" },
        "up":    { "uv": [ 0.5, 1, 4, 16 ], "texture": "#Flashbang" },
        "north": { "uv": [ 0.5, 1, 4, 16 ], "texture": "#Flashbang" },
        "south": { "uv": [ 0.5, 1, 4, 16 ], "texture": "#Flashbang" },
        "west":  { "uv": [ 0.5, 1, 4, 16 ], "texture": "#Flashbang" },
        "east":  { "uv": [ 0.5, 1, 4, 16 ], "texture": "#Flashbang" }
    }
},
{
    "from": [ 6.5, 4, 8.5 ],
    "to": [ 9.33, 12, 9.9 ],
    "rotation": { "origin": [ 6.5, 4, 8.5 ], "axis": "y", "angle": 45 },
    "faces": {
        "down":  { "uv": [ 0.5, 1, 4, 16 ], "texture": "#Flashbang" },
        "up":    { "uv": [ 0.5, 1, 4, 16 ], "texture": "#Flashbang" },
        "north": { "uv": [ 0.5, 1, 4, 16 ], "texture": "#Flashbang" },
        "south": { "uv": [ 0.5, 1, 4, 16 ], "texture": "#Flashbang" },
        "west":  { "uv": [ 0.5, 1, 4, 16 ], "texture": "#Flashbang" },
        "east":  { "uv": [ 0.5, 1, 4, 16 ], "texture": "#Flashbang" }
    }
},
{
    "from": [ 7.25, 4, 6.125 ],
    "to": [ 8.75, 5.5, 9.875 ],
    "faces": {
        "down":  { "uv": [ 0, 0, 1.5, 1.5 ], "texture": "#Flashbang" },
        "up":    { "uv": [ 0, 0, 1.5, 1.5 ], "texture": "#Flashbang" },
        "north": { "uv": [ 0, 0, 1.5, 1.5 ], "texture": "#Flashbang" },
        "south": { "uv": [ 0, 0, 1.5, 1.5 ], "texture": "#Flashbang" },
        "west":  { "uv": [ 0, 0, 1.5, 1.5 ], "texture": "#Flashbang" },
        "east":  { "uv": [ 0, 0, 1.5, 1.5 ], "texture": "#Flashbang" }
    }
},
{
    "from": [ 6.125, 4, 7.25 ],
    "to": [ 9.875, 5.5, 8.75 ],
    "faces": {
        "down":  { "uv": [ 0, 0, 1.5, 1.5 ], "texture": "#Flashbang" },
        "up":    { "uv": [ 0, 0, 1.5, 1.5 ], "texture": "#Flashbang" },
        "north": { "uv": [ 0, 0, 1.5, 1.5 ], "texture": "#Flashbang" },
        "south": { "uv": [ 0, 0, 1.5, 1.5 ], "texture": "#Flashbang" },
        "west":  { "uv": [ 0, 0, 1.5, 1.5 ], "texture": "#Flashbang" },
        "east":  { "uv": [ 0, 0, 1.5, 1.5 ], "texture": "#Flashbang" }
    }
},
{
    "from": [ 6.125, 4, 7.25 ],
    "to": [ 7.625, 5.5, 11 ],
    "rotation": { "origin": [ 6.125, 4, 7.25 ], "axis": "y", "angle": 45 },
    "faces": {
        "down":  { "uv": [ 0, 0, 1.5, 1.5 ], "texture": "#Flashbang" },
        "up":    { "uv": [ 0, 0, 1.5, 1.5 ], "texture": "#Flashbang" },
        "north": { "uv": [ 0, 0, 1.5, 1.5 ], "texture": "#Flashbang" },
        "south": { "uv": [ 0, 0, 1.5, 1.5 ], "texture": "#Flashbang" },
        "west":  { "uv": [ 0, 0, 1.5, 1.5 ], "texture": "#Flashbang" },
        "east":  { "uv": [ 0, 0, 1.5, 1.5 ], "texture": "#Flashbang" }
    }
},
{
    "from": [ 8.75, 4, 6.125 ],
    "to": [ 10.25, 5.5, 9.875 ],
    "rotation": { "origin": [ 8.75, 4, 6.125 ], "axis": "y", "angle": -45 },
    "faces": {
        "down":  { "uv": [ 0, 0, 1.5, 1.5 ], "texture": "#Flashbang" },
        "up":    { "uv": [ 0, 0, 1.5, 1.5 ], "texture": "#Flashbang" },
        "north": { "uv": [ 0, 0, 1.5, 1.5 ], "texture": "#Flashbang" },
        "south": { "uv": [ 0, 0, 1.5, 1.5 ], "texture": "#Flashbang" },
        "west":  { "uv": [ 0, 0, 1.5, 1.5 ], "texture": "#Flashbang" },
        "east":  { "uv": [ 0, 0, 1.5, 1.5 ], "texture": "#Flashbang" }
    }
},
{
    "from": [ 7, 13.5, 7 ],
    "to": [ 9, 15.5, 9 ],
    "faces": {
        "down":  { "uv": [ 9, 9, 7, 7 ], "texture": "#Flashbang" },
        "up":    { "uv": [ 7, 7, 9, 9 ], "texture": "#Flashbang" },
        "north": { "uv": [ 7, 0.5, 9, 2.5 ], "texture": "#Flashbang" },
        "south": { "uv": [ 7, 0.5, 9, 2.5 ], "texture": "#Flashbang" },
        "west":  { "uv": [ 7, 0.5, 9, 2.5 ], "texture": "#Flashbang" },
        "east":  { "uv": [ 7, 0.5, 9, 2.5 ], "texture": "#Flashbang" }
    }
},
{
    "from": [ 8.5, 15, 7 ],
    "to": [ 9.5, 15.5, 9 ],
    "faces": {
        "down":  { "uv": [ 7.5, 9, 6.5, 7 ], "texture": "#Flashbang" },
        "up":    { "uv": [ 8.5, 7, 9.5, 9 ], "texture": "#Flashbang" },
        "north": { "uv": [ 6.5, 0.5, 7.5, 1 ], "texture": "#Flashbang" },
        "south": { "uv": [ 8.5, 0.5, 9.5, 1 ], "texture": "#Flashbang" },
        "west":  { "uv": [ 7, 0.5, 9, 1 ], "texture": "#Flashbang" },
        "east":  { "uv": [ 7, 0.5, 9, 1 ], "texture": "#Flashbang" }
    }
},
{
    "from": [ 9.5, 15, 7 ],
    "to": [ 12, 15.5, 9 ],
    "rotation": { "origin": [ 9.5, 15.5, 7 ], "axis": "z", "angle": -45 },
    "faces": {
        "down":  { "uv": [ 11.5, 11.5, 6, 9.5 ], "texture": "#Flashbang" },
        "up":    { "uv": [ 9.5, 9.5, 15, 11.5 ], "texture": "#Flashbang" },
        "north": { "uv": [ 10.5, 2.5, 16, 3 ], "texture": "#Flashbang" },
        "south": { "uv": [ 9.5, 0, 15, 0.5 ], "texture": "#Flashbang" },
        "west":  { "uv": [ 9.5, 0, 11.5, 0.5 ], "texture": "#Flashbang" },
        "east":  { "uv": [ 5.5, 0, 7.5, 0.5 ], "texture": "#Flashbang" }
    }
},
{
    "from": [ 10.8125, 7.25, 7.5 ],
    "to": [ 11.3125, 13.75, 8.5 ],
    "faces": {
        "down":  { "uv": [ 5.1875, 8.5, 4.6875, 7.5 ], "texture": "#Flashbang" },
        "up":    { "uv": [ 10.8125, 7.5, 11.3125, 8.5 ], "texture": "#Flashbang" },
        "north": { "uv": [ 4.6875, 2.25, 5.1875, 8.75 ], "texture": "#Flashbang" },
        "south": { "uv": [ 10.8125, 2.25, 11.3125, 8.75 ], "texture": "#Flashbang" },
        "west":  { "uv": [ 7.5, 2.25, 8.5, 8.75 ], "texture": "#Flashbang" },
        "east":  { "uv": [ 7.5, 2.25, 8.5, 8.75 ], "texture": "#Flashbang" }
    }
},
{
    "from": [ 9.8125, 7.25, 7.5 ],
    "to": [ 11.3125, 7.75, 8.5 ],
    "faces": {
        "down":  { "uv": [ 6.1875, 8.5, 4.6875, 7.5 ], "texture": "#Flashbang" },
        "up":    { "uv": [ 9.8125, 7.5, 11.3125, 8.5 ], "texture": "#Flashbang" },
        "north": { "uv": [ 4.6875, 8.25, 6.1875, 8.75 ], "texture": "#Flashbang" },
        "south": { "uv": [ 9.8125, 8.25, 11.3125, 8.75 ], "texture": "#Flashbang" },
        "west":  { "uv": [ 7.5, 8.25, 8.5, 8.75 ], "texture": "#Flashbang" },
        "east":  { "uv": [ 7.5, 8.25, 8.5, 8.75 ], "texture": "#Flashbang" }
    }
},
{
    "from": [ 6.5, 15, 7 ],
    "to": [ 7, 15.5, 9 ],
    "faces": {
        "down":  { "uv": [ 9.5, 9, 9, 7 ], "texture": "#Flashbang" },
        "up":    { "uv": [ 6.5, 7, 7, 9 ], "texture": "#Flashbang" },
        "north": { "uv": [ 9, 0.5, 9.5, 1 ], "texture": "#Flashbang" },
        "south": { "uv": [ 6.5, 0.5, 7, 1 ], "texture": "#Flashbang" },
        "west":  { "uv": [ 7, 0.5, 9, 1 ], "texture": "#Flashbang" },
        "east":  { "uv": [ 7, 0.5, 9, 1 ], "texture": "#Flashbang" }
    }
}
],
"display": {
    "thirdperson": {
        "rotation": [ -90, 0, 0 ],
        "translation": [ 0, 0.6, -2.1 ],
        "scale": [ 0.5, 0.5, 0.5 ]
    },
    "ground": {
        "rotation": [ 0, 0, 0 ],
        "translation": [ 0, 0, 0 ],
        "scale": [ 2, 2, 2 ]
    },
    "firstperson": {
        "rotation": [ 0, -115, 0 ],
        "translation": [ 0.8, 1.2, 1.7 ],
        "scale": [ 1, 1, 1 ]
    },
    "gui": {
        "rotation": [ 0, 0, 0 ],
        "translation": [ 0, 0, 0 ],
        "scale": [ 1.5, 1.5, 1.5 ]
    }
}
}