{
"__comment": "Designed, modeled, textured by AGearBeast",
"textures": {
    "particle": "items/weapons/flamethrower/texture",
    "Details": "items/weapons/flamethrower/details",
    "Barrel": "items/weapons/flamethrower/barrel",
    "texture": "items/weapons/flamethrower/texture"
},
"elements": [ 
{
    "__comment": "Barrel",
    "from": [ 9, 6.5, 7 ],
    "to": [ 19, 9.5, 9 ],
    "faces": {
        "down":  { "uv": [ 3.75, 3.25, 13.75, 5.25 ], "texture": "#Details" },
        "up":    { "uv": [ 3.75, 3.25, 13.75, 5.25 ], "texture": "#Details" },
        "north": { "uv": [ 3.75, 3.25, 13.75, 3.5 ], "texture": "#Details" },
        "south": { "uv": [ 3.75, 3.25, 13.75, 3.5 ], "texture": "#Details" },
        "west":  { "uv": [ 3.75, 3.25, 4, 5.25 ], "texture": "#Details" },
        "east":  { "uv": [ 3.75, 3.25, 4, 5.25 ], "texture": "#Details" }
    }
},
{
    "__comment": "Barrel",
    "from": [ 9, 7, 6.5 ],
    "to": [ 19, 9, 9.5 ],
    "faces": {
        "down":  { "uv": [ 3.75, 3.25, 13.75, 3.5 ], "texture": "#Details" },
        "up":    { "uv": [ 3.75, 3.25, 13.75, 3.5 ], "texture": "#Details" },
        "north": { "uv": [ 3.75, 3.25, 13.75, 5.25 ], "texture": "#Details" },
        "south": { "uv": [ 3.75, 3.25, 13.75, 5.25 ], "texture": "#Details" },
        "west":  { "uv": [ 3.75, 3.25, 4, 5.25 ], "texture": "#Details" },
        "east":  { "uv": [ 3.75, 3.25, 4, 5.25 ], "texture": "#Details" }
    }
},
{
    "__comment": "Barrel",
    "from": [ 19, 7.25, 7 ],
    "to": [ 27, 8.75, 7.75 ],
    "faces": {
        "down":  { "uv": [ 0, 7.75, 0, 6.75 ], "texture": "#Barrel" },
        "up":    { "uv": [ 16, 6.75, 16, 7.75 ], "texture": "#Barrel" },
        "north": { "uv": [ 0, 7.25, 0, 8.75 ], "texture": "#Barrel" },
        "south": { "uv": [ 16, 7.25, 16, 8.75 ], "texture": "#Barrel" },
        "east":  { "uv": [ 8.25, 7.25, 9.25, 8.75 ], "texture": "#Barrel" }
    }
},
{
    "__comment": "Barrel",
    "from": [ 19, 7.25, 8.25 ],
    "to": [ 27, 8.75, 9 ],
    "faces": {
        "down":  { "uv": [ 0, 9.25, 0, 8.25 ], "texture": "#Barrel" },
        "up":    { "uv": [ 16, 8.25, 16, 9.25 ], "texture": "#Barrel" },
        "north": { "uv": [ 0, 7.25, 0, 8.75 ], "texture": "#Barrel" },
        "south": { "uv": [ 16, 7.25, 16, 8.75 ], "texture": "#Barrel" },
        "east":  { "uv": [ 6.75, 7.25, 7.75, 8.75 ], "texture": "#Barrel" }
    }
},
{
    "__comment": "Barrel",
    "from": [ 19, 7.5, 7.75 ],
    "to": [ 27, 8.5, 8.25 ],
    "faces": {
        "down":  { "uv": [ 3.5, 10.5, 4, 11 ], "texture": "#Details" },
        "up":    { "uv": [ 3.5, 10.5, 4, 11 ], "texture": "#Details" },
        "east":  { "uv": [ 3.5, 10.25, 4, 11.25 ], "texture": "#Details" }
    }
},
{
    "__comment": "Barrel",
    "from": [ 19, 7.5, 6.75 ],
    "to": [ 27, 8.5, 7 ],
    "faces": {
        "down":  { "uv": [ 3.5, 10.75, 4, 11.25 ], "texture": "#Details" },
        "up":    { "uv": [ 3.5, 10.75, 4, 11.25 ], "texture": "#Details" },
        "north": { "uv": [ 3.5, 10.5, 4, 11.25 ], "texture": "#Details" },
        "east":  { "uv": [ 3.5, 10.5, 4.25, 11 ], "texture": "#Details" }
    }
},
{
    "__comment": "Barrel",
    "from": [ 19, 7.5, 9 ],
    "to": [ 27, 8.5, 9.25 ],
    "faces": {
        "down":  { "uv": [ 3.75, 10.75, 4.25, 11.25 ], "texture": "#Details" },
        "up":    { "uv": [ 3.75, 10.75, 4.25, 11.25 ], "texture": "#Details" },
        "south": { "uv": [ 3.25, 10.5, 4, 11 ], "texture": "#Details" },
        "west":  { "uv": [ 3.5, 10.5, 4.25, 11 ], "texture": "#Details" },
        "east":  { "uv": [ 3.5, 10.5, 4.25, 11 ], "texture": "#Details" }
    }
},
{
    "__comment": "Barrel",
    "from": [ 27, 6.75, 6.75 ],
    "to": [ 27.25, 9.25, 9.25 ],
    "faces": {
        "down":  { "uv": [ 0, 9.25, 0, 6.75 ], "texture": "#texture" },
        "up":    { "uv": [ 16, 6.75, 16, 9.25 ], "texture": "#texture" },
        "north": { "uv": [ 0, 6.75, 0, 9.25 ], "texture": "#texture" },
        "south": { "uv": [ 16, 6.75, 16, 9.25 ], "texture": "#texture" },
        "west":  { "uv": [ 6.75, 6.75, 9.25, 9.25 ], "texture": "#texture" },
        "east":  { "uv": [ 6.75, 6.75, 9.25, 9.25 ], "texture": "#texture" }
    }
},
{
    "__comment": "Barrel",
    "from": [ 28, 7.25, 7.25 ],
    "to": [ 30.5, 8.75, 8.75 ],
    "faces": {
        "down":  { "uv": [ 0, 0, 5, 3 ], "texture": "#Details" },
        "up":    { "uv": [ 0, 0, 5, 3 ], "texture": "#Details" },
        "north": { "uv": [ 0, 0, 5, 3 ], "texture": "#Details" },
        "south": { "uv": [ 0, 0, 5, 3 ], "texture": "#Details" },
        "east":  { "uv": [ 5.25, 0, 8.25, 3 ], "texture": "#Details" }
    }
},
{
    "__comment": "Barrel",
    "from": [ 27.25, 7, 7 ],
    "to": [ 28, 9, 9 ],
    "faces": {
        "down":  { "uv": [ 0, 9, 0, 7 ], "texture": "#texture" },
        "up":    { "uv": [ 16, 7, 16, 9 ], "texture": "#texture" },
        "north": { "uv": [ 0, 7, 0, 9 ], "texture": "#texture" },
        "south": { "uv": [ 16, 7, 16, 9 ], "texture": "#texture" },
        "west":  { "uv": [ 7, 7, 9, 9 ], "texture": "#texture" },
        "east":  { "uv": [ 7, 7, 9, 9 ], "texture": "#texture" }
    }
},
{
    "__comment": "propane line",
    "from": [ 27.75, 5.625, 7.75 ],
    "to": [ 28, 7.125, 8.25 ],
    "rotation": { "origin": [ 27.75, 7.125, 7.75 ], "axis": "z", "angle": 45 },
    "faces": {
        "down":  { "uv": [ 0, 5, 0, 4 ], "texture": "#texture" },
        "up":    { "uv": [ 16, 4, 16, 5 ], "texture": "#texture" },
        "north": { "uv": [ 0, 9, 0, 10.5 ], "texture": "#texture" },
        "south": { "uv": [ 16, 9, 16, 10.5 ], "texture": "#texture" },
        "west":  { "uv": [ 4, 9, 5, 10.5 ], "texture": "#texture" },
        "east":  { "uv": [ 11, 9, 12, 10.5 ], "texture": "#texture" }
    }
},
{
    "__comment": "propane line",
    "from": [ 28.8125, 6.0625, 7.75 ],
    "to": [ 31.0625, 6.3125, 8.25 ],
    "faces": {
        "down":  { "uv": [ 0, 8.25, 0, 7.75 ], "texture": "#texture" },
        "up":    { "uv": [ 16, 7.75, 16, 8.25 ], "texture": "#texture" },
        "north": { "uv": [ 0, 10.125, 0, 10.375 ], "texture": "#texture" },
        "south": { "uv": [ 16, 10.125, 16, 10.375 ], "texture": "#texture" },
        "west":  { "uv": [ 7.75, 10.125, 8.25, 10.375 ], "texture": "#texture" },
        "east":  { "uv": [ 7.75, 10.125, 8.25, 10.375 ], "texture": "#texture" }
    }
},
{
    "__comment": "propane line",
    "from": [ 31.0625, 6.0625, 7.75 ],
    "to": [ 31.5625, 7.0625, 8.25 ],
    "faces": {
        "down":  { "uv": [ 0, 5, 0, 4 ], "texture": "#texture" },
        "up":    { "uv": [ 16, 4, 16, 5 ], "texture": "#texture" },
        "north": { "uv": [ 0, 7.75, 0, 9.25 ], "texture": "#texture" },
        "south": { "uv": [ 16, 7.75, 16, 9.25 ], "texture": "#texture" },
        "west":  { "uv": [ 4, 7.75, 5, 9.25 ], "texture": "#texture" },
        "east":  { "uv": [ 11, 7.75, 12, 9.25 ], "texture": "#texture" }
    }
},
{
    "__comment": "Flame",
    "from": [ 31.125, 7, 7.875 ],
    "to": [ 31.375, 7.75, 8.125 ],
    "faces": {
        "down":  { "uv": [ 9, 2.75, 9.25, 3 ], "texture": "#Details" },
        "up":    { "uv": [ 9, 1, 9.25, 1.25 ], "texture": "#Details" },
        "north": { "uv": [ 8.5, 1, 10, 3 ], "texture": "#Details" },
        "south": { "uv": [ 8.5, 1, 10, 3 ], "texture": "#Details" },
        "west":  { "uv": [ 8.5, 1, 10, 3 ], "texture": "#Details" },
        "east":  { "uv": [ 8.5, 1, 10, 3 ], "texture": "#Details" }
    }
},
{
    "__comment": "Main",
    "from": [ 0, 6.25, 6.25 ],
    "to": [ 9, 10, 9.75 ],
    "faces": {
        "down":  { "uv": [ 16, 9.75, 7, 6.25 ], "texture": "#texture" },
        "up":    { "uv": [ 0, 6.25, 9, 9.75 ], "texture": "#texture" },
        "north": { "uv": [ 3.75, 5.5, 12.75, 9.5 ], "texture": "#Details" },
        "south": { "uv": [ 12.75, 5.5, 3.75, 9.5 ], "texture": "#Details" },
        "west":  { "uv": [ 6.25, 6, 9.75, 9.75 ], "texture": "#texture" },
        "east":  { "uv": [ 6.25, 6, 9.75, 9.75 ], "texture": "#texture" }
    }
},
{
    "__comment": "Main",
    "from": [ 1.75, 8.75, 6.25 ],
    "to": [ 2.5, 11, 9.75 ],
    "faces": {
        "down":  { "uv": [ 15.75, 5, 15.25, 4 ], "texture": "#texture" },
        "up":    { "uv": [ 0.25, 4, 0.75, 5 ], "texture": "#texture" },
        "north": { "uv": [ 15.25, 3.5, 15.75, 5.75 ], "texture": "#texture" },
        "south": { "uv": [ 0.25, 3.5, 0.75, 5.75 ], "texture": "#texture" },
        "west":  { "uv": [ 4, 3.5, 5, 5.75 ], "texture": "#texture" },
        "east":  { "uv": [ 11, 3.5, 12, 5.75 ], "texture": "#texture" }
    }
},
{
    "__comment": "Main",
    "from": [ 1.75, 10, 6.25 ],
    "to": [ 8.75, 11, 9.75 ],
    "faces": {
        "down":  { "uv": [ 14.25, 9.75, 7.25, 6.25 ], "texture": "#texture" },
        "up":    { "uv": [ 1.75, 6.25, 8.75, 9.75 ], "texture": "#texture" },
        "north": { "uv": [ 7.25, 5, 14.25, 6 ], "texture": "#texture" },
        "south": { "uv": [ 1.75, 5, 8.75, 6 ], "texture": "#texture" },
        "west":  { "uv": [ 6.25, 5, 9.75, 6 ], "texture": "#texture" },
        "east":  { "uv": [ 6.25, 5, 9.75, 6 ], "texture": "#texture" }
    }
},
{
    "__comment": "Holder",
    "from": [ 0.25, 3, 7.5 ],
    "to": [ 0.5, 6.25, 8.5 ],
    "faces": {
        "down":  { "uv": [ 15.75, 8.5, 15.5, 7.5 ], "texture": "#texture" },
        "up":    { "uv": [ 0.25, 7.5, 0.5, 8.5 ], "texture": "#texture" },
        "north": { "uv": [ 15.5, 9.75, 15.75, 13 ], "texture": "#texture" },
        "south": { "uv": [ 0.25, 9.75, 0.5, 13 ], "texture": "#texture" },
        "west":  { "uv": [ 7.5, 9.75, 8.5, 13 ], "texture": "#texture" },
        "east":  { "uv": [ 7.5, 9.75, 8.5, 13 ], "texture": "#texture" }
    }
},
{
    "__comment": "Holder",
    "from": [ 0.5, 3, 7.5 ],
    "to": [ 5.5, 3.25, 8.5 ],
    "faces": {
        "down":  { "uv": [ 15.5, 8.5, 10.5, 7.5 ], "texture": "#texture" },
        "up":    { "uv": [ 0.5, 7.5, 5.5, 8.5 ], "texture": "#texture" },
        "north": { "uv": [ 10.5, 12.75, 15.5, 13 ], "texture": "#texture" },
        "south": { "uv": [ 0.5, 12.75, 5.5, 13 ], "texture": "#texture" },
        "west":  { "uv": [ 7.5, 12.75, 8.5, 13 ], "texture": "#texture" },
        "east":  { "uv": [ 7.5, 12.75, 8.5, 13 ], "texture": "#texture" }
    }
},
{
    "__comment": "Propane",
    "from": [ 0.5, 3.25, 6.75 ],
    "to": [ 6.25, 6.25, 9.25 ],
    "faces": {
        "down":  { "uv": [ 0, 3.25, 3.5, 9 ], "rotation": 90, "texture": "#Details" },
        "up":    { "uv": [ 0, 3.25, 3.5, 9 ], "rotation": 90, "texture": "#Details" },
        "north": { "uv": [ 0, 3.25, 3.5, 9 ], "rotation": 90, "texture": "#Details" },
        "south": { "uv": [ 0, 3.25, 3.5, 9 ], "rotation": 90, "texture": "#Details" },
        "west":  { "uv": [ 0, 8.75, 0.25, 9 ], "rotation": 90, "texture": "#Details" },
        "east":  { "uv": [ 0, 8.75, 0.25, 9 ], "texture": "#Details" }
    }
},
{
    "__comment": "Propane",
    "from": [ 0.5, 3.5, 6.5 ],
    "to": [ 6.25, 6, 9.5 ],
    "faces": {
        "down":  { "uv": [ 0, 9, 3.5, 3.25 ], "rotation": 90, "texture": "#Details" },
        "up":    { "uv": [ 0, 9, 3.5, 3.25 ], "rotation": 90, "texture": "#Details" },
        "north": { "uv": [ 0, 9, 3.5, 3.25 ], "rotation": 90, "texture": "#Details" },
        "south": { "uv": [ 0, 9, 3.5, 3.25 ], "rotation": 90, "texture": "#Details" },
        "west":  { "uv": [ 0, 8.75, 0.25, 9 ], "texture": "#Details" },
        "east":  { "uv": [ 0, 8.75, 0.25, 9 ], "texture": "#Details" }
    }
},
{
    "__comment": "Propane",
    "from": [ 6.25, 3.5, 6.75 ],
    "to": [ 6.75, 6, 9.25 ],
    "faces": {
        "down":  { "uv": [ 0, 4, 0.25, 4.25 ], "texture": "#Details" },
        "up":    { "uv": [ 0, 4, 0.25, 4.25 ], "texture": "#Details" },
        "north": { "uv": [ 0, 4, 0.25, 4.25 ], "texture": "#Details" },
        "south": { "uv": [ 0, 4, 0.25, 4.25 ], "texture": "#Details" },
        "west":  { "uv": [ 0, 4, 0.25, 4.25 ], "texture": "#Details" },
        "east":  { "uv": [ 0, 4, 0.25, 4.25 ], "texture": "#Details" }
    }
},
{
    "__comment": "Holder",
    "from": [ 4.25, 3, 9.5 ],
    "to": [ 5, 6.25, 9.75 ],
    "faces": {
        "down":  { "uv": [ 11.75, 9.75, 11, 9.5 ], "texture": "#texture" },
        "up":    { "uv": [ 4.25, 9.5, 5, 9.75 ], "texture": "#texture" },
        "north": { "uv": [ 11, 9.75, 11.75, 13 ], "texture": "#texture" },
        "south": { "uv": [ 4.25, 9.75, 5, 13 ], "texture": "#texture" },
        "west":  { "uv": [ 9.5, 9.75, 9.75, 13 ], "texture": "#texture" },
        "east":  { "uv": [ 6.25, 9.75, 6.5, 13 ], "texture": "#texture" }
    }
},
{
    "__comment": "Holder",
    "from": [ 4.25, 3, 6.5 ],
    "to": [ 5, 3.25, 9.5 ],
    "faces": {
        "down":  { "uv": [ 11.75, 9.5, 11, 6.5 ], "texture": "#texture" },
        "up":    { "uv": [ 4.25, 6.5, 5, 9.5 ], "texture": "#texture" },
        "north": { "uv": [ 11, 12.75, 11.75, 13 ], "texture": "#texture" },
        "south": { "uv": [ 4.25, 12.75, 5, 13 ], "texture": "#texture" },
        "west":  { "uv": [ 6.5, 12.75, 9.5, 13 ], "texture": "#texture" },
        "east":  { "uv": [ 6.5, 12.75, 9.5, 13 ], "texture": "#texture" }
    }
},
{
    "__comment": "Holder",
    "from": [ 4.25, 3, 6.25 ],
    "to": [ 5, 6.25, 6.5 ],
    "faces": {
        "down":  { "uv": [ 11.75, 6.5, 11, 6.25 ], "texture": "#texture" },
        "up":    { "uv": [ 4.25, 6.25, 5, 6.5 ], "texture": "#texture" },
        "north": { "uv": [ 11, 9.75, 11.75, 13 ], "texture": "#texture" },
        "south": { "uv": [ 4.25, 9.75, 5, 13 ], "texture": "#texture" },
        "west":  { "uv": [ 6.25, 9.75, 6.5, 13 ], "texture": "#texture" },
        "east":  { "uv": [ 9.5, 9.75, 9.75, 13 ], "texture": "#texture" }
    }
},
{
    "__comment": "Propane output",
    "from": [ 6.75, 4.75, 7.625 ],
    "to": [ 7.75, 5.5, 8.375 ],
    "faces": {
        "down":  { "uv": [ 9.25, 8.375, 8.25, 7.625 ], "texture": "#texture" },
        "up":    { "uv": [ 6.75, 7.625, 7.75, 8.375 ], "texture": "#texture" },
        "north": { "uv": [ 8.25, 10.5, 9.25, 11.25 ], "texture": "#texture" },
        "south": { "uv": [ 6.75, 10.5, 7.75, 11.25 ], "texture": "#texture" },
        "west":  { "uv": [ 7.625, 10.5, 8.375, 11.25 ], "texture": "#texture" },
        "east":  { "uv": [ 7.625, 10.5, 8.375, 11.25 ], "texture": "#texture" }
    }
},
{
    "__comment": "Pipe",
    "from": [ 7.75, 4.875, 7.75 ],
    "to": [ 9, 5.375, 8.25 ],
    "faces": {
        "down":  { "uv": [ 1, 9.75, 1.875, 10.375 ], "texture": "#Details" },
        "up":    { "uv": [ 1, 9.75, 1.875, 10.375 ], "texture": "#Details" },
        "north": { "uv": [ 0.625, 10, 1.375, 10.625 ], "texture": "#Details" },
        "south": { "uv": [ 0.625, 10, 1.375, 10.625 ], "texture": "#Details" },
        "east":  { "uv": [ 1.125, 10.25, 1.625, 10.75 ], "texture": "#Details" }
    }
},
{
    "__comment": "Pipe",
    "from": [ 8.5, 4.875, 4.75 ],
    "to": [ 9, 5.375, 7.75 ],
    "faces": {
        "down":  { "uv": [ 0.625, 9.875, 1.5, 11.125 ], "texture": "#Details" },
        "up":    { "uv": [ 0.625, 9.875, 1.5, 11.125 ], "texture": "#Details" },
        "north": { "uv": [ 0.75, 10.25, 1.25, 10.75 ], "texture": "#Details" },
        "west":  { "uv": [ 0.875, 10.25, 2.125, 10.875 ], "texture": "#Details" },
        "east":  { "uv": [ 0.875, 10.25, 2.125, 10.875 ], "texture": "#Details" }
    }
},
{
    "__comment": "Pipe",
    "from": [ 8.5, 5.375, 4.75 ],
    "to": [ 9, 6.375, 5.25 ],
    "faces": {
        "down":  { "uv": [ 1.5, 10.25, 2, 10.75 ], "texture": "#Details" },
        "up":    { "uv": [ 1.5, 10.25, 2, 10.75 ], "texture": "#Details" },
        "north": { "uv": [ 0.5, 10.125, 0.875, 11.125 ], "texture": "#Details" },
        "south": { "uv": [ 0.5, 10.125, 0.875, 11.125 ], "texture": "#Details" },
        "west":  { "uv": [ 0.875, 9.625, 1.5, 11.25 ], "texture": "#Details" },
        "east":  { "uv": [ 0.875, 9.625, 1.5, 11.25 ], "texture": "#Details" }
    }
},
{
    "__comment": "Pipe",
    "from": [ 7.5, 7.875, 5.25 ],
    "to": [ 8, 8.375, 6.25 ],
    "faces": {
        "down":  { "uv": [ 0.875, 10, 1.375, 11 ], "texture": "#Details" },
        "up":    { "uv": [ 0.875, 10, 1.375, 11 ], "texture": "#Details" },
        "west":  { "uv": [ 0.75, 10, 1.75, 10.5 ], "texture": "#Details" },
        "east":  { "uv": [ 0.75, 10, 1.75, 10.5 ], "texture": "#Details" }
    }
},
{
    "__comment": "Pipe",
    "from": [ 7.5, 6.625, 4.75 ],
    "to": [ 8, 8.375, 5.25 ],
    "faces": {
        "down":  { "uv": [ 1.5, 10.25, 2, 10.75 ], "texture": "#Details" },
        "up":    { "uv": [ 1.5, 10.25, 2, 10.75 ], "texture": "#Details" },
        "north": { "uv": [ 0.5, 10.125, 0.875, 11.125 ], "texture": "#Details" },
        "south": { "uv": [ 0.5, 10.125, 0.875, 11.125 ], "texture": "#Details" },
        "west":  { "uv": [ 0.875, 9.625, 1.5, 11.25 ], "texture": "#Details" },
        "east":  { "uv": [ 0.875, 9.625, 1.5, 11.25 ], "texture": "#Details" }
    }
},
{
    "__comment": "Pipe",
    "from": [ 8, 5.875, 4.75 ],
    "to": [ 8.5, 7.125, 5.25 ],
    "faces": {
        "down":  { "uv": [ 1.5, 10.25, 2, 10.75 ], "texture": "#Details" },
        "up":    { "uv": [ 1.5, 10.25, 2, 10.75 ], "texture": "#Details" },
        "north": { "uv": [ 0.5, 10.125, 0.875, 11.125 ], "texture": "#Details" },
        "south": { "uv": [ 0.5, 10.125, 0.875, 11.125 ], "texture": "#Details" },
        "west":  { "uv": [ 0.875, 9.625, 1.5, 11.25 ], "texture": "#Details" },
        "east":  { "uv": [ 0.875, 9.625, 1.5, 11.25 ], "texture": "#Details" }
    }
},
{
    "__comment": "Propane intake",
    "from": [ 7.25, 7.75, 6 ],
    "to": [ 8.25, 8.625, 6.25 ],
    "faces": {
        "down":  { "uv": [ 7, 0.25, 7.25, 0.5 ], "texture": "#Details" },
        "up":    { "uv": [ 7, 0.25, 7.25, 0.5 ], "texture": "#Details" },
        "north": { "uv": [ 7, 0.25, 7.25, 0.5 ], "texture": "#Details" },
        "west":  { "uv": [ 7, 0.25, 7.25, 0.5 ], "texture": "#Details" },
        "east":  { "uv": [ 7, 0.25, 7.25, 0.5 ], "texture": "#Details" }
    }
},
{
    "__comment": "Handle",
    "from": [ 6.25, 10.5, 9 ],
    "to": [ 6.75, 13, 9.5 ],
    "faces": {
        "down":  { "uv": [ 9.75, 5, 9.25, 4 ], "texture": "#texture" },
        "up":    { "uv": [ 6.25, 4, 6.75, 5 ], "texture": "#texture" },
        "north": { "uv": [ 9.25, 2.5, 9.75, 5 ], "texture": "#texture" },
        "south": { "uv": [ 6.25, 2.5, 6.75, 5 ], "texture": "#texture" },
        "west":  { "uv": [ 4, 2.5, 5, 5 ], "texture": "#texture" },
        "east":  { "uv": [ 11, 2.5, 12, 5 ], "texture": "#texture" }
    }
},
{
    "__comment": "Handle",
    "from": [ 6.25, 10.5, 6.5 ],
    "to": [ 6.75, 13, 7 ],
    "faces": {
        "down":  { "uv": [ 9.75, 5, 9.25, 4 ], "texture": "#texture" },
        "up":    { "uv": [ 6.25, 4, 6.75, 5 ], "texture": "#texture" },
        "north": { "uv": [ 9.25, 2.5, 9.75, 5 ], "texture": "#texture" },
        "south": { "uv": [ 6.25, 2.5, 6.75, 5 ], "texture": "#texture" },
        "west":  { "uv": [ 4, 2.5, 5, 5 ], "texture": "#texture" },
        "east":  { "uv": [ 11, 2.5, 12, 5 ], "texture": "#texture" }
    }
},
{
    "__comment": "Handle",
    "from": [ 6.25, 12.5, 7 ],
    "to": [ 6.75, 13, 9 ],
    "faces": {
        "down":  { "uv": [ 9.25, 9, 8.75, 7 ], "texture": "#texture" },
        "up":    { "uv": [ 6.75, 7, 7.25, 9 ], "texture": "#texture" },
        "north": { "uv": [ 8.75, 3, 9.25, 3.5 ], "texture": "#texture" },
        "south": { "uv": [ 6.75, 3, 7.25, 3.5 ], "texture": "#texture" },
        "west":  { "uv": [ 7, 3, 9, 3.5 ], "texture": "#texture" },
        "east":  { "uv": [ 7, 3, 9, 3.5 ], "texture": "#texture" }
    }
},
{
    "__comment": "Trigger",
    "from": [ 4.25, 8.5, 3.75 ],
    "to": [ 5, 9, 6.25 ],
    "faces": {
        "down":  { "uv": [ 11.75, 6.25, 11, 3.75 ], "texture": "#texture" },
        "up":    { "uv": [ 4.25, 3.75, 5, 6.25 ], "texture": "#texture" },
        "north": { "uv": [ 11, 7, 11.75, 7.5 ], "texture": "#texture" },
        "south": { "uv": [ 4.25, 7, 5, 7.5 ], "texture": "#texture" },
        "west":  { "uv": [ 3.75, 7, 6.25, 7.5 ], "texture": "#texture" },
        "east":  { "uv": [ 9.75, 7, 12.25, 7.5 ], "texture": "#texture" }
    }
},
{
    "__comment": "Trigger",
    "from": [ 5, 8.5, 5 ],
    "to": [ 5.375, 9, 8.0625 ],
    "faces": {
        "down":  { "uv": [ 0.5, 13.25, 1.75, 13.75 ], "texture": "#Details" },
        "up":    { "uv": [ 0.5, 13.25, 1.75, 13.75 ], "texture": "#Details" },
        "north": { "uv": [ 1.5, 12.5, 2, 13.5 ], "texture": "#Details" },
        "south": { "uv": [ 1.5, 12.5, 2, 13.5 ], "texture": "#Details" },
        "west":  { "uv": [ 0.25, 12.75, 1.5, 13.5 ], "texture": "#Details" },
        "east":  { "uv": [ 0.25, 12.75, 1.5, 13.5 ], "texture": "#Details" }
    }
},
{
    "__comment": "Trigger",
    "from": [ 4, 8.25, 6 ],
    "to": [ 5.75, 9.25, 6.25 ],
    "faces": {
        "down":  { "uv": [ 0.25, 15.25, 1, 15.75 ], "texture": "#Details" },
        "up":    { "uv": [ 0.25, 15.25, 1, 15.75 ], "texture": "#Details" },
        "north": { "uv": [ 0.75, 15, 2.25, 15.75 ], "texture": "#Details" },
        "west":  { "uv": [ 1.25, 15.25, 1.75, 15.75 ], "texture": "#Details" },
        "east":  { "uv": [ 1.25, 15.25, 1.75, 15.75 ], "texture": "#Details" }
    }
},
{
    "__comment": "Main",
    "from": [ -0.5, 6.5, 6.5 ],
    "to": [ 0, 9.75, 9.5 ],
    "faces": {
        "down":  { "uv": [ 16, 9.5, 16, 6.5 ], "texture": "#texture" },
        "up":    { "uv": [ 0, 6.5, 0, 9.5 ], "texture": "#texture" },
        "north": { "uv": [ 16, 6.25, 16, 9.5 ], "texture": "#texture" },
        "south": { "uv": [ 0, 6.25, 0, 9.5 ], "texture": "#texture" },
        "west":  { "uv": [ 6.5, 6.25, 9.5, 9.5 ], "texture": "#texture" }
    }
},
{
    "__comment": "Flame",
    "from": [ 31.125, 7.75, 7.875 ],
    "to": [ 31.375, 8.25, 8.125 ],
    "faces": {
        "up":    { "uv": [ 8.5, 0, 8.75, 0.25 ], "texture": "#Details" },
        "north": { "uv": [ 8.5, 0, 10, 1 ], "texture": "#Details" },
        "south": { "uv": [ 8.5, 0, 10, 1 ], "texture": "#Details" },
        "west":  { "uv": [ 8.5, 0, 10, 1 ], "texture": "#Details" },
        "east":  { "uv": [ 8.5, 0, 10, 1 ], "texture": "#Details" }
    }
}
],
"display": {
    "thirdperson": {
        "rotation": [ 180, 90, -79 ],
        "translation": [ 0, -0.7, -2.6 ],
        "scale": [ 0.85, 0.85, 0.85 ]
    },
    "ground": {
        "rotation": [ 0, 0, 0 ],
        "translation": [ 0, 0, 0 ],
        "scale": [ 4, 4, 4 ]
    },
    "firstperson": {
        "rotation": [ 0, 49, 8 ],
        "translation": [ 0.2, 3.1, -3.2 ],
        "scale": [ 1.92, 2.33, 2.33 ]
    },
    "gui": {
        "rotation": [ 30, -44, 43 ],
        "translation": [ 0, 0, -3.2 ],
        "scale": [ 0.85, 1.57, 1.6 ]
    }
}
}